x,y,vx,vy,g
-4.031318e-01,-1.413600e-01,7.588376e-01,2.204206e-01,-4.468781e-02
-3.548310e-01,-1.531030e-01,5.995632e-01,-9.050759e-01,-2.576176e-02
-3.809830e-01,-1.771527e-01,-2.392498e-02,-2.872474e-01,-1.992492e-02
-4.134250e-01,-2.281977e-01,-1.071513e+00,3.626949e-01,-1.681421e-02
-3.949394e-01,-1.927974e-01,-3.561975e-01,3.435427e-02,-1.480631e-02
-4.213227e-01,-1.982980e-01,-4.591187e-01,5.446582e-01,-1.337250e-02
-3.655864e-01,-2.118349e-01,-7.460543e-01,-6.024485e-01,-1.228221e-02
-3.516407e-01,-2.203571e-01,-9.365694e-01,-9.455979e-01,-1.141669e-02
-3.643069e-01,-1.970990e-01,-4.226399e-01,-6.665253e-01,-1.070774e-02
-3.605559e-01,-1.815115e-01,-1.515746e-01,-7.277025e-01,-1.011300e-02
-3.425376e-01,-1.697448e-01,2.335605e-01,-1.150512e+00,-9.604619e-03
-3.406329e-01,-1.832694e-01,-1.477326e-01,-1.195292e+00,-9.163414e-03
-3.806023e-01,-1.167341e-01,1.158508e+00,-4.790036e-01,-8.775686e-03
-3.216191e-01,-1.748992e-01,1.044355e-01,-1.531917e+00,-8.431356e-03
-3.888654e-01,-1.103276e-01,1.324662e+00,-7.320305e-02,-8.122822e-03
-4.406633e-01,-1.744475e-01,1.356779e-01,1.053382e+00,-7.844225e-03
-3.734835e-01,-1.667061e-01,3.039455e-01,-4.916569e-01,-7.590971e-03
-3.740707e-01,-1.472069e-01,6.872248e-01,-4.860112e-01,-7.359393e-03
-3.894254e-01,-1.598352e-01,3.687648e-01,-7.290428e-02,-7.146531e-03
-4.324438e-01,-1.803650e-01,-3.364913e-02,8.050618e-01,-6.949960e-03
-3.898297e-01,-1.220644e-01,1.111305e+00,-4.356216e-02,-6.767674e-03
-4.190127e-01,-1.796027e-01,-9.259628e-04,5.507818e-01,-6.598000e-03
-3.615094e-01,-1.655871e-01,2.287811e-01,-7.076850e-01,-6.439523e-03
-4.206612e-01,-1.593737e-01,4.513242e-01,5.840192e-01,-6.291046e-03
-4.346772e-01,-1.968275e-01,-3.738597e-01,8.789434e-01,-6.151540e-03
-4.338200e-01,-1.624994e-01,3.630513e-01,9.140394e-01,-6.020121e-03
-4.119004e-01,-1.891558e-01,-2.500084e-01,3.211589e-01,-5.896022e-03
-4.145518e-01,-1.645269e-01,2.811296e-01,3.898933e-01,-5.778574e-03
-3.967690e-01,-1.711183e-01,1.879192e-01,7.992111e-02,-5.667191e-03
-3.910862e-01,-2.328306e-01,-1.167361e+00,-9.691587e-02,-5.561358e-03
-4.467334e-01,-2.010859e-01,-4.368043e-01,1.065956e+00,-5.460618e-03
-4.085092e-01,-1.771742e-01,-2.783888e-02,2.939125e-01,-5.364565e-03
-3.185158e-01,-1.917218e-01,-3.458002e-01,-1.587349e+00,-5.272838e-03
-3.503222e-01,-2.002592e-01,-5.033374e-01,-9.620855e-01,-5.185114e-03
-4.035031e-01,-2.113096e-01,-7.825203e-01,1.706219e-01,-5.101102e-03
-3.923525e-01,-2.417193e-01,-1.371579e+00,-3.412179e-02,-5.020540e-03
-3.816272e-01,-1.935540e-01,-4.060387e-01,-3.446222e-01,-4.943192e-03
-3.902648e-01,-2.208590e-01,-9.530386e-01,-1.334695e-01,-4.868843e-03
-3.410202e-01,-2.128570e-01,-7.959447e-01,-1.201258e+00,-4.797298e-03
-3.893122e-01,-2.038558e-01,-6.121298e-01,-1.726599e-01,-4.728380e-03
-4.073314e-01,-2.050044e-01,-5.560058e-01,2.665540e-01,-4.661927e-03
-3.931883e-01,-2.109640e-01,-7.616977e-01,-4.793397e-02,-4.597791e-03
-3.354319e-01,-2.033899e-01,-6.141456e-01,-1.270267e+00,-4.535835e-03
-3.256756e-01,-1.867362e-01,-2.043494e-01,-1.382054e+00,-4.475934e-03
-3.561419e-01,-1.319325e-01,1.047196e+00,-9.596999e-01,-4.417973e-03
-3.354504e-01,-1.937990e-01,-3.738463e-01,-1.259834e+00,-4.361845e-03
-3.284297e-01,-1.692293e-01,2.737058e-01,-1.370904e+00,-4.307452e-03
-4.481952e-01,-1.249834e-01,7.296845e-01,7.354445e-01,-4.254703e-03
-3.616583e-01,-1.333708e-01,9.900014e-01,-7.095369e-01,-4.203514e-03
-3.688353e-01,-1.367240e-01,9.299770e-01,-5.716946e-01,-4.153805e-03
-3.788292e-01,-1.568772e-01,4.808047e-01,-3.559500e-01,-4.105504e-03
-3.801222e-01,-1.391170e-01,8.688280e-01,-3.749635e-01,-4.058543e-03
-4.269840e-01,-1.674986e-01,1.898712e-01,7.052560e-01,-4.012858e-03
-3.300810e-01,-2.431907e-01,-9.590143e-01,-1.017612e+00,-3.968389e-03
-3.218127e-01,-2.131804e-01,-6.786339e-01,-1.387149e+00,-3.925082e-03
-3.671895e-01,-2.351798e-01,-1.269699e+00,-4.955330e-01,-3.882883e-03
-4.072879e-01,-1.711008e-01,2.457016e-01,2.511163e-01,-3.841744e-03
-3.117593e-01,-1.516560e-01,4.592611e-01,-1.435444e+00,-3.801620e-03
-3.775204e-01,-2.258215e-01,-1.079389e+00,-3.681052e-01,-3.762466e-03
-3.067517e-01,-1.780740e-01,-2.554681e-03,-1.654460e+00,-3.724243e-03
-4.175385e-01,-2.425089e-01,-1.241370e+00,3.495482e-01,-3.686912e-03
-3.802333e-01,-2.349733e-01,-1.269894e+00,-3.454736e-01,-3.650437e-03
-3.660829e-01,-2.274106e-01,-1.119737e+00,-5.523540e-01,-3.614784e-03
-3.256732e-01,-2.054405e-01,-6.166121e-01,-1.406491e+00,-3.579921e-03
-4.338328e-01,-2.078681e-01,-6.196981e-01,8.485510e-01,-3.545818e-03
-3.469967e-01,-1.900641e-01,-3.425540e-01,-9.674380e-01,-3.512445e-03
-4.294428e-01,-1.357369e-01,7.550248e-01,6.751974e-01,-3.479775e-03
-3.351922e-01,-1.504617e-01,6.489706e-01,-1.218690e+00,-3.447782e-03
-3.961139e-01,-1.814811e-01,-4.842838e-02,8.462205e-02,-3.416442e-03
-3.472725e-01,-1.769720e-01,-8.449325e-03,-9.502069e-01,-3.385732e-03
-3.021541e-01,-1.567170e-01,3.580198e-01,-1.489714e+00,-3.355629e-03
-4.044566e-01,-1.000537e-01,1.209921e+00,1.017420e-01,-3.326112e-03
-3.094878e-01,-2.057818e-01,-5.067386e-01,-1.531397e+00,-3.297161e-03
-3.300623e-01,-1.509899e-01,6.161546e-01,-1.416478e+00,-3.268757e-03
-3.213353e-01,-2.181361e-01,-9.018304e-01,-1.350282e+00,-3.240882e-03
-3.774279e-01,-2.080675e-01,-5.774638e-01,-3.301154e-01,-3.213518e-03
-4.300237e-01,-2.116344e-01,-7.752896e-01,7.151168e-01,-3.186649e-03
-4.555410e-01,-1.778781e-01,1.226902e-02,1.086433e+00,-3.160259e-03
-4.819712e-01,-1.884846e-01,-1.952646e-01,9.538224e-01,-3.134333e-03
-3.984999e-01,-2.223454e-01,-9.291527e-01,5.409906e-02,-3.108855e-03
-3.782198e-01,-1.071099e-01,1.366198e+00,-5.053516e-01,-3.083814e-03
-3.580552e-01,-2.386773e-01,-1.309082e+00,-8.402377e-01,-3.059194e-03
-4.010714e-01,-2.268150e-01,-1.130648e+00,1.032954e-01,-3.034984e-03
-3.454381e-01,-2.242414e-01,-1.101906e+00,-1.254520e+00,-3.011172e-03
-4.420387e-01,-1.218812e-01,8.541344e-01,5.232152e-01,-2.987745e-03
-4.258506e-01,-1.883068e-01,-1.714539e-01,6.973556e-01,-2.964692e-03
-3.676599e-01,-2.416893e-01,-1.421753e+00,-5.037203e-01,-2.942003e-03
-4.332701e-01,-2.480362e-01,-1.028838e+00,4.597858e-01,-2.919668e-03
-4.264250e-01,-1.542886e-01,5.764865e-01,7.308711e-01,-2.897676e-03
-3.363826e-01,-1.635106e-01,4.426269e-01,-1.316425e+00,-2.876018e-03
-4.442073e-01,-1.301336e-01,5.742140e-01,6.494861e-01,-2.854685e-03
-4.409749e-01,-2.100456e-01,-6.967524e-01,9.663547e-01,-2.833669e-03
-3.644104e-01,-2.228323e-01,-9.711795e-01,-6.417392e-01,-2.812959e-03
-3.776803e-01,-2.124275e-01,-8.413948e-01,-3.133358e-01,-2.792549e-03
-3.144541e-01,-1.433232e-01,6.368774e-01,-1.349119e+00,-2.772431e-03
-3.578926e-01,-1.747062e-01,1.299486e-01,-8.484706e-01,-2.752596e-03
-4.511465e-01,-1.439232e-01,4.850515e-01,9.092199e-01,-2.733039e-03
-3.816116e-01,-2.197734e-01,-9.212860e-01,-2.802837e-01,-2.713751e-03
-3.864375e-01,-1.495014e-01,6.045440e-01,-2.383770e-01,-2.694726e-03
-4.406185e-01,-1.849776e-01,-1.546933e-01,1.059849e+00,-2.675957e-03
-4.154010e-01,-2.095118e-01,-7.298855e-01,4.043652e-01,-2.657438e-03
-3.347083e-01,-1.291626e-01,9.747244e-01,-1.113436e+00,-2.639163e-03
-3.618458e-01,-2.333576e-01,-1.198292e+00,-7.800483e-01,-2.621126e-03
-4.298099e-01,-1.489837e-01,6.639094e-01,7.810425e-01,-2.603322e-03
-3.547415e-01,-2.106939e-01,-6.487035e-01,-9.240230e-01,-2.585744e-03
-3.856523e-01,-1.271296e-01,9.646354e-01,-3.310333e-01,-2.568388e-03
-3.055054e-01,-1.931337e-01,-2.748074e-01,-1.624247e+00,-2.551248e-03
-3.443864e-01,-1.272475e-01,1.028518e+00,-1.000551e+00,-2.534319e-03
-4.696467e-01,-2.087004e-01,-3.843725e-01,9.632006e-01,-2.517597e-03
-3.168757e-01,-1.631529e-01,3.372890e-01,-1.529356e+00,-2.501077e-03
-3.873804e-01,-9.943657e-02,1.387134e+00,-2.006066e-01,-2.484754e-03
-4.217808e-01,-2.140472e-01,-7.525001e-01,4.829108e-01,-2.468624e-03
-4.425748e-01,-1.932787e-01,-2.361109e-01,1.065541e+00,-2.452682e-03
-3.194052e-01,-1.830120e-01,-1.162868e-01,-1.612272e+00,-2.436925e-03
-3.986479e-01,-2.514813e-01,-1.319497e+00,1.206383e-02,-2.421349e-03
-3.675603e-01,-1.242203e-01,1.109296e+00,-6.254347e-01,-2.405949e-03
-4.246661e-01,-2.168005e-01,-8.846518e-01,6.358110e-01,-2.390722e-03
-4.545961e-01,-1.279321e-01,5.694540e-01,8.661976e-01,-2.375665e-03
-4.356704e-01,-2.297751e-01,-9.593666e-01,7.034214e-01,-2.360773e-03
-2.992239e-01,-1.599980e-01,1.603350e-01,-1.613200e+00,-2.346043e-03
-4.760109e-01,-1.816406e-01,-2.307764e-02,9.252994e-01,-2.331473e-03
-3.311155e-01,-1.324453e-01,7.877298e-01,-1.282046e+00,-2.317058e-03
-4.406119e-01,-1.548118e-01,4.492365e-01,9.427353e-01,-2.302795e-03
-4.559179e-01,-7.412248e-02,8.093455e-01,2.592011e-01,-2.288682e-03
-4.506237e-01,-2.437966e-01,-8.139243e-01,6.197018e-01,-2.274716e-03
-4.470519e-01,-1.496832e-01,4.226218e-01,9.148582e-01,-2.260893e-03
-3.959003e-01,-2.766057e-01,-1.055238e+00,-1.371638e-01,-2.247211e-03
-4.560275e-01,-2.186702e-01,-6.317938e-01,8.461929e-01,-2.233667e-03
-4.624686e-01,-2.243904e-01,-6.692042e-01,8.443495e-01,-2.220259e-03
-3.263515e-01,-1.984649e-01,-4.505040e-01,-1.426367e+00,-2.206983e-03
-4.269679e-01,-2.213091e-01,-9.960050e-01,7.025426e-01,-2.193837e-03
-4.756628e-01,-9.270272e-02,6.508045e-01,5.162259e-01,-2.180819e-03
-3.413329e-01,-2.027418e-01,-5.687753e-01,-1.076618e+00,-2.167927e-03
-4.058432e-01,-1.252563e-01,1.247420e+00,3.132223e-01,-2.155158e-03
-3.241554e-01,-1.228163e-01,8.503678e-01,-1.162167e+00,-2.142509e-03
-4.905460e-01,-2.025905e-01,-2.806832e-01,9.149671e-01,-2.129979e-03
-4.046532e-01,-2.842798e-01,-1.006400e+00,-2.816299e-02,-2.117566e-03
-3.796760e-01,-6.746037e-02,1.050080e+00,-2.890018e-01,-2.105267e-03
-3.506422e-01,-1.417991e-01,9.598804e-01,-1.048642e+00,-2.093080e-03
-4.486978e-01,-2.557827e-01,-8.891008e-01,4.889398e-01,-2.081003e-03
-3.621335e-01,-1.196515e-01,1.156327e+00,-7.518972e-01,-2.069035e-03
-3.141542e-01,-3.097998e-01,-7.077010e-01,-6.302682e-01,-2.057173e-03
-4.652180e-01,-2.018637e-01,-2.968769e-01,9.610380e-01,-2.045416e-03
-3.850697e-01,-1.326190e-01,9.150871e-01,-3.181350e-01,-2.033761e-03
-3.599962e-01,-7.355915e-02,1.027553e+00,-4.936637e-01,-2.022207e-03
-4.692504e-01,-2.143723e-01,-5.422497e-01,9.256642e-01,-2.010753e-03
-3.152770e-01,-1.101049e-01,7.658138e-01,-1.046077e+00,-1.999396e-03
-5.109402e-01,-1.349326e-01,2.102803e-01,7.389728e-01,-1.988135e-03
-3.872930e-01,-2.409524e-01,-1.368559e+00,-3.241730e-01,-1.976969e-03
-4.392335e-01,-9.072888e-02,9.327045e-01,2.682385e-01,-1.965895e-03
-4.747227e-01,-1.016021e-01,5.368911e-01,6.308900e-01,-1.954912e-03
-3.139396e-01,-9.254369e-02,7.528444e-01,-8.659183e-01,-1.944019e-03
-3.709301e-01,-1.927101e-01,-2.961816e-01,-4.257962e-01,-1.933214e-03
-4.203745e-01,-8.841059e-02,1.027161e+00,1.530621e-01,-1.922497e-03
-3.052413e-01,-1.348265e-01,6.017955e-01,-1.329796e+00,-1.911864e-03
-4.229276e-01,-1.338215e-01,8.818232e-01,5.530142e-01,-1.901316e-03
-3.569881e-01,-2.499305e-01,-1.277100e+00,-7.049522e-01,-1.890850e-03
-3.495743e-01,-2.290939e-01,-1.264277e+00,-1.001881e+00,-1.880465e-03
-3.617908e-01,-9.915344e-02,1.200955e+00,-6.638555e-01,-1.870161e-03
-4.674996e-01,-2.594935e-01,-7.238354e-01,5.500044e-01,-1.859936e-03
-4.426398e-01,-9.645594e-02,8.409339e-01,3.647598e-01,-1.849788e-03
-4.133683e-01,-8.170724e-02,1.093927e+00,2.526374e-02,-1.839716e-03
-3.423559e-01,-1.423600e-01,8.302056e-01,-1.186811e+00,-1.829720e-03
-4.718128e-01,-1.576585e-01,2.142905e-01,9.434483e-01,-1.819798e-03
-4.319707e-01,-7.783164e-02,9.813034e-01,1.585346e-01,-1.809949e-03
-4.842666e-01,-1.840176e-01,-8.406449e-03,1.031020e+00,-1.800172e-03
-4.672227e-01,-1.082663e-01,5.779651e-01,5.612950e-01,-1.790465e-03
-4.063006e-01,-1.105199e-01,1.157893e+00,2.295791e-01,-1.780829e-03
-4.254249e-01,-1.235699e-01,9.809671e-01,4.388749e-01,-1.771261e-03
-4.819165e-01,-1.555206e-01,2.159098e-01,9.408967e-01,-1.761760e-03
-4.784329e-01,-1.664100e-01,9.737869e-02,9.613270e-01,-1.752326e-03
-4.382214e-01,-2.968925e-01,-8.306248e-01,1.675960e-01,-1.742959e-03
-2.877839e-01,-2.781479e-01,-5.100832e-01,-9.128151e-01,-1.733655e-03
-4.970300e-01,-1.132895e-01,3.654982e-01,6.738155e-01,-1.724416e-03
-4.814208e-01,-1.377886e-01,3.384467e-01,8.281078e-01,-1.715239e-03
-2.274626e-01,-1.758552e-01,1.022978e-02,-1.099565e+00,-1.706125e-03
-4.558326e-01,-9.265544e-02,7.747172e-01,3.989253e-01,-1.697071e-03
-3.273209e-01,-1.587476e-01,4.588957e-01,-1.422999e+00,-1.688078e-03
-4.708582e-01,-9.967506e-02,6.408506e-01,4.667201e-01,-1.679145e-03
-4.739283e-01,-1.158921e-01,4.705708e-01,6.973413e-01,-1.670269e-03
-3.910291e-01,-3.013491e-01,-9.225516e-01,-1.796112e-01,-1.661452e-03
-3.749702e-01,-3.203147e-01,-8.761504e-01,-2.944690e-01,-1.652691e-03
-3.590680e-01,-1.129882e-01,1.193604e+00,-7.217478e-01,-1.643987e-03
-3.752617e-01,-3.149271e-01,-8.109759e-01,-2.930934e-01,-1.635338e-03
-2.907815e-01,-2.844193e-01,-7.357225e-01,-8.089295e-01,-1.626744e-03
-4.440832e-01,-2.811078e-01,-8.381238e-01,2.826515e-01,-1.618204e-03
-3.552411e-01,-1.130668e-01,1.154541e+00,-8.852207e-01,-1.609716e-03
-3.409895e-01,-2.985493e-01,-8.343718e-01,-5.492268e-01,-1.601282e-03
-2.514900e-01,-2.465882e-01,-3.785012e-01,-9.731565e-01,-1.592899e-03
-4.379483e-01,-2.195585e-01,-8.607617e-01,8.402574e-01,-1.584567e-03
-2.397748e-01,-2.084495e-01,-1.590914e-01,-1.117291e+00,-1.576285e-03
-4.668718e-01,-2.465812e-01,-6.777298e-01,6.611921e-01,-1.568053e-03
-2.851595e-01,-2.801604e-01,-6.278680e-01,-1.012653e+00,-1.559870e-03
-4.174831e-01,-2.941107e-01,-9.217949e-01,4.904789e-02,-1.551736e-03
-4.306088e-01,-1.214035e-01,9.577973e-01,4.930496e-01,-1.543649e-03
-2.900725e-01,-4.113931e-02,6.142312e-01,-6.551262e-01,-1.535610e-03
-2.478052e-01,-2.450969e-01,-3.136968e-01,-1.085541e+00,-1.527617e-03
-4.664367e-01,-1.553799e-01,2.815890e-01,8.939190e-01,-1.519670e-03
-3.368602e-01,-1.338055e-01,8.023036e-01,-1.098645e+00,-1.511769e-03
-2.900522e-01,-1.725973e-02,7.281328e-01,-5.155294e-01,-1.503912e-03
-4.408551e-01,-1.133008e-01,9.303606e-01,4.803943e-01,-1.496099e-03
-2.890668e-01,-6.205243e-02,6.014896e-01,-8.709981e-01,-1.488330e-03
-2.965217e-01,-2.771265e-01,-6.092546e-01,-7.593511e-01,-1.480605e-03
-2.926365e-01,-3.864861e-02,6.718535e-01,-4.939444e-01,-1.472921e-03
-2.913720e-01,-2.792339e-01,-6.056562e-01,-7.849159e-01,-1.465280e-03
-3.396115e-01,-1.083830e-01,1.024606e+00,-9.009718e-01,-1.457681e-03
-2.904789e-01,-4.483321e-02,4.992785e-01,-5.888435e-01,-1.450122e-03
-3.667491e-01,-2.994367e-01,-8.911253e-01,-3.877329e-01,-1.442604e-03
-2.892774e-01,-3.143284e-03,6.198060e-01,-5.493141e-01,-1.435126e-03
-2.895612e-01,-8.685073e-02,5.145285e-01,-9.368171e-01,-1.427688e-03
-2.907175e-01,-2.285503e-01,-5.140899e-01,-1.224916e+00,-1.420288e-03
-2.881205e-01,-4.463345e-02,4.971003e-01,-8.589140e-01,-1.412927e-03
-2.906621e-01,-6.784569e-02,5.658564e-01,-8.440364e-01,-1.405604e-03
-2.846010e-01,-3.846007e-02,5.365283e-01,-8.687947e-01,-1.398319e-03
-3.680945e-01,-1.001012e-01,1.246930e+00,-5.426796e-01,-1.391071e-03
-2.759079e-01,-1.267596e-01,3.935287e-01,-1.253240e+00,-1.383860e-03
-2.837815e-01,-1.014214e-01,4.914535e-01,-1.046947e+00,-1.376685e-03
-2.915170e-01,-5.375153e-02,5.199870e-01,-7.194300e-01,-1.369546e-03
-2.857797e-01,-1.529961e-02,7.156310e-01,-6.824978e-01,-1.362443e-03
-2.892014e-01,-2.124434e-02,6.613769e-01,-5.538677e-01,-1.355374e-03
-4.701058e-01,-7.138448e-02,6.946482e-01,2.437756e-01,-1.348340e-03
-3.252545e-01,-2.678633e-01,-8.683140e-01,-8.000177e-01,-1.341340e-03
-3.084819e-01,-2.480942e-01,-7.291395e-01,-1.056101e+00,-1.334375e-03
-2.881845e-01,-2.844453e-02,6.810987e-01,-6.200887e-01,-1.327442e-03
-2.918280e-01,-7.508474e-02,4.432531e-01,-8.094973e-01,-1.320543e-03
-2.893265e-01,7.077909e-04,7.078431e-01,-5.392637e-01,-1.313676e-03
-2.935899e-01,-7.068690e-02,5.489228e-01,-6.977750e-01,-1.306842e-03
-2.892587e-01,-7.273324e-02,4.996884e-01,-9.467211e-01,-1.300040e-03
-2.923378e-01,-6.344492e-02,6.029332e-01,-6.893068e-01,-1.293269e-03
-2.861587e-01,-3.591446e-02,6.504240e-01,-7.420094e-01,-1.286529e-03
-2.901638e-01,-3.134753e-02,6.315402e-01,-5.384786e-01,-1.279820e-03
-2.746489e-01,-2.124980e-01,-2.971142e-01,-1.266055e+00,-1.273142e-03
-5.322361e-01,-5.962668e-02,3.088242e-01,5.986021e-01,-1.266494e-03
-5.273911e-01,-6.132162e-02,3.003607e-01,5.315054e-01,-1.259876e-03
-2.791784e-01,-1.276364e-01,3.788498e-01,-1.150676e+00,-1.253287e-03
-2.857795e-01,-2.341991e-02,6.602745e-01,-7.291651e-01,-1.246727e-03
-5.125066e-01,-6.734488e-02,2.711836e-01,4.532119e-01,-1.240197e-03
-5.106330e-01,-5.840999e-02,6.336315e-01,1.571524e-01,-1.233694e-03
-4.844750e-01,-6.509413e-02,6.897305e-01,3.068382e-01,-1.227220e-03
-5.126504e-01,-6.099421e-02,4.811766e-01,3.110850e-01,-1.220774e-03
-2.926194e-01,-5.020073e-02,5.682471e-01,-6.264926e-01,-1.214356e-03
-4.179867e-01,-5.421643e-02,9.497405e-01,-1.296629e-02,-1.207965e-03
-2.842538e-01,-2.947725e-02,6.233200e-01,-8.130907e-01,-1.201600e-03
-5.239424e-01,-5.994268e-02,4.192151e-01,4.748812e-01,-1.195263e-03
-5.197680e-01,-5.511641e-02,6.250218e-01,3.021293e-01,-1.188952e-03
-5.353694e-01,-5.601352e-02,4.065488e-01,6.450368e-01,-1.182667e-03
-5.823859e-01,-8.780045e-02,2.267813e-01,4.521314e-01,-1.176408e-03
-5.224014e-01,-6.173264e-02,2.650831e-01,4.070398e-01,-1.170174e-03
-4.917595e-01,-6.910846e-02,5.572760e-01,3.171382e-01,-1.163966e-03
-5.157263e-01,-6.463186e-02,3.464796e-01,4.721001e-01,-1.157783e-03
-5.042244e-01,-6.879129e-02,3.798544e-01,1.822613e-01,-1.151624e-03
-5.113961e-01,-5.404365e-02,7.676364e-01,1.933598e-01,-1.145490e-03
-5.136558e-01,-5.757378e-02,6.439031e-01,3.222719e-01,-1.139381e-03
-5.063375e-01,-6.518653e-02,5.050119e-01,2.092178e-01,-1.133295e-03
-5.345854e-01,-4.719687e-02,6.590432e-01,5.305004e-01,-1.127233e-03
-5.243700e-01,-5.482529e-02,5.395816e-01,4.114446e-01,-1.121195e-03
-5.070224e-01,-6.891674e-02,3.121389e-01,3.146763e-01,-1.115180e-03
-5.281455e-01,-4.706104e-02,7.660352e-01,3.744672e-01,-1.109187e-03
-5.377956e-01,-5.932249e-02,2.931736e-01,6.989510e-01,-1.103218e-03
-5.375011e-01,-4.604308e-02,6.844439e-01,6.200268e-01,-1.097271e-03
-4.792415e-01,-6.771933e-02,6.871287e-01,3.321138e-01,-1.091346e-03
-5.111683e-01,-6.587108e-02,4.417932e-01,2.928369e-01,-1.085444e-03
-5.221150e-01,-5.060299e-02,6.911575e-01,2.640992e-01,-1.079563e-03
-4.734512e-01,-6.772401e-02,8.075356e-01,2.083097e-01,-1.073704e-03
-5.312975e-01,-4.631301e-02,7.503308e-01,4.597218e-01,-1.067866e-03
-5.299950e-01,-6.388512e-02,1.824735e-01,5.942039e-01,-1.062049e-03
-5.052430e-01,-6.125218e-02,6.245831e-01,1.463801e-01,-1.056254e-03
-6.002834e-01,-1.003989e-01,9.680024e-02,4.513265e-01,-1.050479e-03
-5.298637e-01,-5.169276e-02,5.598296e-01,4.926600e-01,-1.044724e-03
-4.749581e-01,-6.900066e-02,6.553599e-01,3.434714e-01,-1.038990e-03
-6.048159e-01,-9.851660e-02,1.729207e-01,5.341344e-01,-1.033276e-03
-5.189128e-01,-5.883321e-02,4.748073e-01,3.490223e-01,-1.027582e-03
-3.890066e-01,-4.351298e-02,9.208510e-01,-2.358645e-01,-1.021908e-03
-5.311956e-01,-5.483155e-02,4.499093e-01,5.273634e-01,-1.016253e-03
-5.389119e-01,-5.055678e-02,5.183859e-01,7.159331e-01,-1.010617e-03
-5.120068e-01,-7.069317e-02,1.866395e-01,4.333088e-01,-1.005001e-03
-5.270479e-01,-5.011846e-02,6.294974e-01,3.710910e-01,-9.994031e-04
-5.880156e-01,-8.706633e-02,2.374176e-01,4.968761e-01,-9.938243e-04
-5.570286e-01,-3.540549e-01,-4.994995e-01,4.258454e-01,-9.882640e-04
-3.937637e-01,-4.231135e-02,9.297735e-01,-1.462574e-01,-9.827220e-04
-5.465051e-01,-3.474080e-01,-3.508006e-01,2.231344e-01,-9.771983e-04
-5.365293e-01,-5.142117e-02,4.924633e-01,5.967879e-01,-9.716925e-04
-5.559652e-01,-3.507431e-01,-4.029745e-01,4.233977e-01,-9.662045e-04
-4.517740e-01,-6.945601e-02,8.980791e-01,1.709969e-01,-9.607342e-04
-5.236164e-01,-4.733006e-02,7.902646e-01,2.723273e-01,-9.552814e-04
-5.535344e-01,-3.429983e-01,-1.924796e-01,3.722548e-01,-9.498458e-04
-5.512419e-01,-3.467011e-01,-3.219533e-01,3.280501e-01,-9.444274e-04
-5.623239e-01,-3.553373e-01,-5.163239e-01,5.201541e-01,-9.390259e-04
-6.002816e-01,-9.759352e-02,2.359331e-01,4.473990e-01,-9.336412e-04
-5.613173e-01,-3.526432e-01,-3.956915e-01,5.177029e-01,-9.282731e-04
-5.509694e-01,-3.592815e-01,-6.449011e-01,2.575905e-01,-9.229215e-04
-5.547951e-01,-3.448961e-01,-3.051169e-01,4.488023e-01,-9.175861e-04
-5.415692e-01,-3.431631e-01,-2.737832e-01,1.541247e-01,-9.122669e-04
-5.395982e-01,-3.575243e-01,-6.481012e-01,2.530953e-02,-9.069637e-04
-5.510980e-01,-3.543315e-01,-5.487350e-01,3.246355e-01,-9.016763e-04
-5.429219e-01,-3.488850e-01,-3.893697e-01,1.344784e-01,-8.964046e-04
-5.380808e-01,-3.443351e-01,-3.335813e-01,1.301116e-02,-8.911484e-04
-5.432355e-01,-3.522984e-01,-5.151374e-01,1.389694e-01,-8.859075e-04
-5.389389e-01,-3.402793e-01,-2.389581e-01,9.668270e-02,-8.806818e-04
-5.473157e-01,-3.548639e-01,-6.187888e-01,2.198208e-01,-8.754713e-04
-5.471211e-01,-3.430683e-01,-2.752776e-01,2.435348e-01,-8.702756e-04
-5.393294e-01,-3.476710e-01,-3.998606e-01,2.311793e-02,-8.650947e-04
-5.320644e-01,-3.428185e-01,-3.593345e-01,-1.593353e-02,-8.599284e-04
-5.508341e-01,-3.497210e-01,-4.345160e-01,3.259823e-01,-8.547766e-04
-5.549974e-01,-3.400322e-01,-1.087445e-01,4.709457e-01,-8.496392e-04
-5.421858e-01,-3.332600e-01,-1.338392e-01,2.391800e-01,-8.445160e-04
-5.623552e-01,-3.425051e-01,-2.022515e-01,5.396071e-01,-8.394068e-04
-5.314782e-01,-3.334790e-01,-3.025389e-01,6.491465e-02,-8.343116e-04
-5.519974e-01,-3.392440e-01,-9.381878e-02,3.468520e-01,-8.292302e-04
-5.473591e-01,-3.409701e-01,-1.430678e-01,2.744031e-01,-8.241624e-04
-5.473304e-01,-3.522239e-01,-4.742955e-01,2.352070e-01,-8.191082e-04
-5.609968e-01,-3.462385e-01,-3.140976e-01,5.572504e-01,-8.140674e-04
-5.401474e-01,-3.653347e-01,-6.203284e-01,1.136130e-01,-8.090398e-04
-5.549111e-01,-3.616190e-01,-6.425631e-01,3.395587e-01,-8.040254e-04
-5.430685e-01,-3.560600e-01,-6.436323e-01,1.419374e-01,-7.990241e-04
-5.453963e-01,-3.378650e-01,-1.233125e-01,2.479886e-01,-7.940356e-04
-5.657536e-01,-2.296423e-01,-1.624548e-01,5.302829e-01,-7.890599e-04
-5.338545e-01,-3.493285e-01,-4.695472e-01,-4.914944e-02,-7.840968e-04
-5.398655e-01,-3.512538e-01,-4.830654e-01,-1.927957e-03,-7.791462e-04
-5.331871e-01,-3.316760e-01,-2.074126e-01,1.629665e-01,-7.742081e-04
-5.562722e-01,-3.572256e-01,-5.945035e-01,3.906475e-01,-7.692822e-04
-5.580841e-01,-3.455938e-01,-2.851212e-01,4.947475e-01,-7.643685e-04
-5.548896e-01,-2.669808e-01,-2.451257e-01,4.642448e-01,-7.594669e-04
-5.323752e-01,-3.198499e-01,-2.622926e-01,2.369793e-01,-7.545772e-04
-4.290979e-01,-4.680675e-01,-1.862795e-01,-3.931551e-02,-7.496993e-04
-5.399717e-01,-3.542396e-01,-5.690303e-01,3.655766e-03,-7.448331e-04
-4.291658e-01,-4.726314e-01,-2.849619e-01,6.941953e-04,-7.399785e-04
-4.341921e-01,-4.782437e-01,-3.462175e-01,1.265773e-01,-7.351353e-04
-4.186337e-01,-4.746640e-01,-3.303501e-01,-2.989953e-01,-7.303036e-04
-4.291285e-01,-4.783777e-01,-3.801182e-01,-2.437903e-02,-7.254831e-04
-5.381557e-01,-3.371968e-01,-1.885871e-01,1.145777e-01,-7.206737e-04
-4.190322e-01,-4.675938e-01,-2.437887e-01,-2.537609e-01,-7.158754e-04
-4.235478e-01,-4.772278e-01,-3.525922e-01,-1.864001e-01,-7.110880e-04
-4.237562e-01,-4.817722e-01,-4.012137e-01,-1.793649e-01,-7.063114e-04
-5.486988e-01,-2.783496e-01,-2.812373e-01,4.274022e-01,-7.015456e-04
-4.298766e-01,-4.866535e-01,-4.950428e-01,1.153371e-02,-6.967904e-04
-4.317812e-01,-4.693658e-01,-2.455168e-01,6.959196e-02,-6.920457e-04
-4.303151e-01,-4.760822e-01,-3.040117e-01,3.772903e-02,-6.873114e-04
-4.262127e-01,-4.874563e-01,-5.315510e-01,-1.054635e-01,-6.825874e-04
-4.231988e-01,-4.695451e-01,-2.390110e-01,-1.727419e-01,-6.778736e-04
-4.159279e-01,-4.727875e-01,-3.065647e-01,-3.290729e-01,-6.731700e-04
-4.223697e-01,-4.652503e-01,-1.941786e-01,-1.563061e-01,-6.684763e-04
-4.194163e-01,-4.835380e-01,-4.350402e-01,-3.283463e-01,-6.637926e-04
-4.323081e-01,-5.049214e-01,-3.885794e-01,2.192191e-02,-6.591187e-04
-4.260078e-01,-4.838718e-01,-4.701357e-01,-7.471522e-02,-6.544545e-04
-4.253078e-01,-4.792017e-01,-3.851888e-01,-1.074239e-01,-6.497999e-04
-4.245697e-01,-4.743442e-01,-2.793842e-01,-1.399497e-01,-6.451548e-04
-4.218046e-01,-4.859698e-01,-5.369424e-01,-2.402414e-01,-6.405192e-04
-4.211662e-01,-4.760361e-01,-3.411548e-01,-2.628417e-01,-6.358930e-04
-4.338814e-01,-5.078579e-01,-4.236519e-01,6.999516e-02,-6.312760e-04
-4.324234e-01,-4.807602e-01,-4.154707e-01,9.282124e-02,-6.266681e-04
-4.312574e-01,-5.032316e-01,-3.213355e-01,-4.553318e-02,-6.220693e-04
-4.225959e-01,-4.836324e-01,-4.643085e-01,-2.271599e-01,-6.174795e-04
-4.269612e-01,-5.127790e-01,-4.931543e-01,-1.756716e-01,-6.128986e-04
-4.281162e-01,-5.177891e-01,-5.628292e-01,-1.090067e-01,-6.083265e-04
-4.307997e-01,-4.822176e-01,-4.669125e-01,1.368338e-02,-6.037631e-04
-4.258239e-01,-5.042527e-01,-3.549759e-01,-1.808021e-01,-5.992083e-04
-4.268762e-01,-4.709247e-01,-2.392395e-01,-9.994383e-02,-5.946621e-04
-4.326281e-01,-5.112609e-01,-4.925733e-01,3.789700e-02,-5.901243e-04
-4.299160e-01,-5.158257e-01,-5.301931e-01,-2.941711e-02,-5.855949e-04
-4.283693e-01,-4.999329e-01,-3.527669e-01,-1.060146e-01,-5.810738e-04
-4.246677e-01,-5.064892e-01,-4.204654e-01,-2.360907e-01,-5.765609e-04
-4.248689e-01,-5.162343e-01,-5.125563e-01,-2.095807e-01,-5.720561e-04
-4.260547e-01,-5.105662e-01,-4.295467e-01,-2.107312e-01,-5.675593e-04
-4.294231e-01,-5.128026e-01,-4.871583e-01,-5.468182e-02,-5.630705e-04
-3.175774e-01,-5.497969e-01,-2.192132e-01,-3.344571e-01,-5.585895e-04
-4.307341e-01,-5.090393e-01,-4.384382e-01,-4.653857e-02,-5.541163e-04
-3.204249e-01,-5.437676e-01,-1.019874e-01,-2.789335e-01,-5.496509e-04
-4.287236e-01,-5.071807e-01,-3.982942e-01,-1.207964e-01,-5.451931e-04
-3.202417e-01,-5.507529e-01,-2.513319e-01,-2.527684e-01,-5.407428e-04
-3.173256e-01,-5.540614e-01,-2.730240e-01,-3.494917e-01,-5.363000e-04
-3.198502e-01,-5.631642e-01,-4.285464e-01,-2.396588e-01,-5.318646e-04
-3.237352e-01,-5.523699e-01,-3.145515e-01,-1.590565e-01,-5.274365e-04
-3.265907e-01,-5.502932e-01,-2.545167e-01,-7.221472e-02,-5.230156e-04
-3.220569e-01,-5.639990e-01,-4.365236e-01,-1.598486e-01,-5.186020e-04
-3.129959e-01,-5.531872e-01,-2.743503e-01,-4.243982e-01,-5.141954e-04
-3.198495e-01,-5.546023e-01,-3.118731e-01,-2.296814e-01,-5.097958e-04
-3.240499e-01,-5.577823e-01,-3.884131e-01,-1.161259e-01,-5.054031e-04
-3.276390e-01,-5.427214e-01,-1.893731e-01,-1.609812e-01,-5.010173e-04
-3.644354e-01,-5.331443e-01,-3.294333e-01,-1.963884e-01,-4.966384e-04
-3.170565e-01,-5.630311e-01,-4.266729e-01,-3.246569e-01,-4.922661e-04
-3.173811e-01,-5.469372e-01,-1.480202e-01,-3.593632e-01,-4.879005e-04
-3.215058e-01,-5.571743e-01,-3.686459e-01,-1.937496e-01,-4.835414e-04
-3.143337e-01,-5.582283e-01,-3.537278e-01,-4.109647e-01,-4.791888e-04
-3.257872e-01,-5.543313e-01,-3.449095e-01,-8.702014e-02,-4.748427e-04
-3.237422e-01,-5.502138e-01,-2.351842e-01,-1.607162e-01,-4.705029e-04
-3.152457e-01,-5.501157e-01,-2.185655e-01,-4.170051e-01,-4.661695e-04
-3.208547e-01,-5.460929e-01,-1.523654e-01,-2.800975e-01,-4.618422e-04
-3.195738e-01,-5.597698e-01,-3.951746e-01,-2.393372e-01,-4.575211e-04
-2.508178e-01,-5.853086e-01,-2.776263e-01,-2.624591e-01,-4.532061e-04
-3.163972e-01,-5.587663e-01,-3.853202e-01,-3.290661e-01,-4.488970e-04
-2.518247e-01,-5.789533e-01,-1.022116e-01,-2.666083e-01,-4.445940e-04
-3.237610e-01,-5.469030e-01,-1.710975e-01,-1.212372e-01,-4.402968e-04
-2.432870e-01,-5.857123e-01,-2.750293e-01,-4.223645e-01,-4.360054e-04
-3.222579e-01,-5.471202e-01,-1.985841e-01,-2.183960e-01,-4.317197e-04
-2.496620e-01,-5.879320e-01,-3.319562e-01,-2.908941e-01,-4.274397e-04
-3.175505e-01,-5.559085e-01,-3.597109e-01,-3.243065e-01,-4.231654e-04
-2.488846e-01,-5.742204e-01,-1.045111e-01,-3.338712e-01,-4.188965e-04
-2.574376e-01,-5.777235e-01,-1.642074e-01,-2.077565e-01,-4.146332e-04
-2.451088e-01,-5.800541e-01,-1.243379e-01,-4.064312e-01,-4.103752e-04
-2.536568e-01,-5.822974e-01,-2.079591e-01,-1.826691e-01,-4.061227e-04
-2.456144e-01,-5.841775e-01,-2.313562e-01,-3.941125e-01,-4.018754e-04
-2.510896e-01,-5.898574e-01,-3.631192e-01,-2.494626e-01,-3.976333e-04
-2.382018e-01,-5.794050e-01,-1.618467e-01,-4.143231e-01,-3.933963e-04
-2.478947e-01,-5.855473e-01,-2.797851e-01,-3.425475e-01,-3.891645e-04
-2.496301e-01,-5.804947e-01,-1.325631e-01,-3.137070e-01,-3.849377e-04
-2.425493e-01,-5.827324e-01,-1.876145e-01,-4.356592e-01,-3.807159e-04
-2.482599e-01,-5.829333e-01,-2.149249e-01,-3.340909e-01,-3.764989e-04
-2.543079e-01,-5.867243e-01,-3.094318e-01,-1.836865e-01,-3.722868e-04
-2.476914e-01,-5.808837e-01,-1.362528e-01,-3.716059e-01,-3.680795e-04
-2.529562e-01,-5.840361e-01,-2.681538e-01,-2.082576e-01,-3.638769e-04
-2.215149e-01,-6.065974e-01,-2.984675e-01,-3.347123e-01,-3.596790e-04
-2.605472e-01,-5.675461e-01,-1.779294e-01,-2.859959e-01,-3.554857e-04
-2.225851e-01,-6.008076e-01,-1.508541e-01,-3.449282e-01,-3.512969e-04
-2.469107e-01,-5.883364e-01,-3.390919e-01,-3.655021e-01,-3.471126e-04
-2.250071e-01,-5.989511e-01,-1.411761e-01,-3.012688e-01,-3.429327e-04
-2.516759e-01,-5.813707e-01,-1.836062e-01,-2.597964e-01,-3.387572e-04
-2.255026e-01,-6.020505e-01,-1.935284e-01,-2.488260e-01,-3.345860e-04
-2.551695e-01,-5.795994e-01,-1.696892e-01,-2.034609e-01,-3.304190e-04
-2.172263e-01,-6.050326e-01,-2.511798e-01,-4.020932e-01,-3.262562e-04
-2.238919e-01,-6.026232e-01,-2.219003e-01,-3.138954e-01,-3.220975e-04
-2.258157e-01,-6.040691e-01,-2.779774e-01,-2.501886e-01,-3.179429e-04
-2.203065e-01,-6.032017e-01,-2.177993e-01,-3.722784e-01,-3.137923e-04
-1.912052e-01,-6.127464e-01,-2.103626e-01,-3.507051e-01,-3.096457e-04
-2.200494e-01,-6.006097e-01,-1.418947e-01,-3.922702e-01,-3.055030e-04
-1.925735e-01,-6.116766e-01,-1.583327e-01,-3.144577e-01,-3.013641e-04
-2.225111e-01,-6.043983e-01,-2.650034e-01,-3.230995e-01,-2.972289e-04
-1.900750e-01,-6.102708e-01,-1.198487e-01,-3.778294e-01,-2.930976e-04
-2.178782e-01,-6.031915e-01,-1.889316e-01,-4.074250e-01,-2.889698e-04
-1.949101e-01,-6.113951e-01,-1.530627e-01,-2.720116e-01,-2.848457e-04
-1.916110e-01,-6.086863e-01,-9.601085e-02,-3.389913e-01,-2.807252e-04
-1.890941e-01,-6.120416e-01,-1.840551e-01,-4.040241e-01,-2.766081e-04
-1.904799e-01,-6.154257e-01,-2.421268e-01,-3.375748e-01,-2.724945e-04
-1.886043e-01,-6.158270e-01,-2.333402e-01,-3.928838e-01,-2.683843e-04
-1.942615e-01,-6.130111e-01,-2.288485e-01,-2.859245e-01,-2.642774e-04
-1.496797e-01,-6.141493e-01,-1.001103e-01,-3.491998e-01,-2.601739e-04
-1.872422e-01,-6.107826e-01,-1.430664e-01,-4.260130e-01,-2.560735e-04
-1.502510e-01,-6.153736e-01,-1.458971e-01,-3.239225e-01,-2.519763e-04
-1.533018e-01,-6.146190e-01,-1.311041e-01,-2.904471e-01,-2.478823e-04
-1.493015e-01,-6.188622e-01,-2.136103e-01,-3.334508e-01,-2.437913e-04
-1.422172e-01,-6.140864e-01,-1.043576e-01,-4.207765e-01,-2.397033e-04
-1.493868e-01,-6.128606e-01,-4.218741e-02,-3.561942e-01,-2.356182e-04
-1.486297e-01,-6.175913e-01,-1.545084e-01,-3.702221e-01,-2.315361e-04
-1.470780e-01,-6.187761e-01,-1.890648e-01,-4.033936e-01,-2.274569e-04
-1.453922e-01,-6.139897e-01,-9.302826e-02,-4.264870e-01,-2.233804e-04
-1.529981e-01,-6.122919e-01,-7.760090e-02,-3.126650e-01,-2.193067e-04
-1.512219e-01,-6.172696e-01,-1.771061e-01,-2.981276e-01,-2.152357e-04
-1.472401e-01,-6.130805e-01,-6.399913e-02,-3.946188e-01,-2.111673e-04
-1.465248e-01,-6.152264e-01,-1.388269e-01,-4.010867e-01,-2.071015e-04
-1.312222e-01,-6.236464e-01,-1.104475e-01,-4.085352e-01,-2.030383e-04
-1.335292e-01,-6.251291e-01,-1.495659e-01,-3.505184e-01,-1.989775e-04
-1.324361e-01,-6.257912e-01,-1.690072e-01,-3.948096e-01,-1.949192e-04
-1.352322e-01,-6.233242e-01,-1.200906e-01,-3.380914e-01,-1.908632e-04
-1.335804e-01,-6.231815e-01,-9.903768e-02,-3.774573e-01,-1.868096e-04
-1.085915e-01,-6.242612e-01,-6.265273e-02,-4.088250e-01,-1.827583e-04
-1.109129e-01,-6.243728e-01,-7.117969e-02,-3.574143e-01,-1.787092e-04
-1.116084e-01,-6.221799e-01,-4.717153e-02,-3.738506e-01,-1.746623e-04
-1.105411e-01,-6.253266e-01,-1.216431e-01,-3.674275e-01,-1.706175e-04
-1.128612e-01,-6.232469e-01,-8.321111e-02,-3.343210e-01,-1.665748e-04
-1.080945e-01,-6.260480e-01,-1.002541e-01,-4.084399e-01,-1.625341e-04
-1.093853e-01,-6.295210e-01,-1.389683e-01,-3.622016e-01,-1.584954e-04
-1.064672e-01,-6.309969e-01,-1.045839e-01,-3.745554e-01,-1.544586e-04
-1.050313e-01,-6.316387e-01,-1.126415e-01,-4.109654e-01,-1.504237e-04
-1.061959e-01,-6.327401e-01,-1.455312e-01,-3.722169e-01,-1.463906e-04
-1.094709e-01,-6.283010e-01,-1.059718e-01,-3.650147e-01,-1.423593e-04
-8.599226e-02,-6.281975e-01,-4.926115e-02,-4.039217e-01,-1.383297e-04
-8.670678e-02,-6.290146e-01,-8.557270e-02,-3.819595e-01,-1.343018e-04
-8.794607e-02,-6.306252e-01,-1.012546e-01,-3.661537e-01,-1.302755e-04
-8.808989e-02,-6.284328e-01,-6.095645e-02,-3.559418e-01,-1.262508e-04
-8.167966e-02,-6.312121e-01,-7.251390e-02,-3.738971e-01,-1.222276e-04
-8.037299e-02,-6.317225e-01,-8.064308e-02,-3.938621e-01,-1.182059e-04
-7.474633e-02,-6.324799e-01,-8.049494e-02,-3.885649e-01,-1.141856e-04
-7.541136e-02,-6.314126e-01,-5.388655e-02,-3.777893e-01,-1.101668e-04
-7.032705e-02,-6.322923e-01,-5.279272e-02,-3.798394e-01,-1.061492e-04
-6.953465e-02,-6.333303e-01,-7.521198e-02,-3.907864e-01,-1.021329e-04
-6.358726e-02,-6.334497e-01,-6.004853e-02,-3.911187e-01,-9.811786e-05
-6.515157e-02,-6.329621e-01,-5.514570e-02,-3.791577e-01,-9.410400e-05
-6.014345e-02,-6.334926e-01,-5.234088e-02,-3.849642e-01,-9.009126e-05
-5.783348e-02,-6.340867e-01,-5.375850e-02,-3.878427e-01,-8.607962e-05
-5.493589e-02,-6.341997e-01,-4.939512e-02,-3.869198e-01,-8.206901e-05
-5.224237e-02,-6.344345e-01,-4.718269e-02,-3.875155e-01,-7.805939e-05
-4.951448e-02,-6.346197e-01,-4.455715e-02,-3.877387e-01,-7.405071e-05
-4.682360e-02,-6.348160e-01,-4.219004e-02,-3.881216e-01,-7.004291e-05
-4.412331e-02,-6.349894e-01,-3.971584e-02,-3.883929e-01,-6.603597e-05
-4.143320e-02,-6.351564e-01,-3.729980e-02,-3.886826e-01,-6.202981e-05
-3.874469e-02,-6.353113e-01,-3.487666e-02,-3.889425e-01,-5.802440e-05
-3.605945e-02,-6.354558e-01,-3.246311e-02,-3.891870e-01,-5.401969e-05
-3.337648e-02,-6.355897e-01,-3.005358e-02,-3.894131e-01,-5.001563e-05
-3.069553e-02,-6.357130e-01,-2.764812e-02,-3.896215e-01,-4.601217e-05
-2.801631e-02,-6.358258e-01,-2.524590e-02,-3.898122e-01,-4.200926e-05
-2.533858e-02,-6.359283e-01,-2.284642e-02,-3.899855e-01,-3.800686e-05
-2.266213e-02,-6.360203e-01,-2.044924e-02,-3.901414e-01,-3.400491e-05
-1.998678e-02,-6.361019e-01,-1.805397e-02,-3.902799e-01,-3.000338e-05
-1.731237e-02,-6.361732e-01,-1.566028e-02,-3.904013e-01,-2.600220e-05
-1.463875e-02,-6.362342e-01,-1.326788e-02,-3.905055e-01,-2.200133e-05
-1.196577e-02,-6.362849e-01,-1.087650e-02,-3.905925e-01,-1.800073e-05
-9.293305e-03,-6.363253e-01,-8.485877e-03,-3.906625e-01,-1.400034e-05
-6.621232e-03,-6.363555e-01,-6.095787e-03,-3.907154e-01,-1.000013e-05
-3.949429e-03,-6.363754e-01,-3.705996e-03,-3.907512e-01,-6.000027e-06
-1.277778e-03,-6.363850e-01,-1.316279e-03,-3.907701e-01,-2.000001e-06
1.393838e-03,-6.363843e-01,1.073588e-03,-3.907719e-01,2.000001e-06
4.065537e-03,-6.363734e-01,3.463831e-03,-3.907566e-01,6.000027e-06
6.737437e-03,-6.363522e-01,5.854685e-03,-3.907244e-01,1.000013e-05
9.409659e-03,-6.363208e-01,8.246395e-03,-3.906750e-01,1.400034e-05
1.208233e-02,-6.362790e-01,1.063922e-02,-3.906085e-01,1.800073e-05
1.475558e-02,-6.362269e-01,1.303345e-02,-3.905249e-01,2.200133e-05
1.742955e-02,-6.361645e-01,1.542938e-02,-3.904240e-01,2.600220e-05
2.010439e-02,-6.360918e-01,1.782738e-02,-3.903059e-01,3.000338e-05
2.278027e-02,-6.360086e-01,2.022784e-02,-3.901703e-01,3.400491e-05
2.545737e-02,-6.359150e-01,2.263122e-02,-3.900172e-01,3.800686e-05
2.813590e-02,-6.358109e-01,2.503808e-02,-3.898465e-01,4.200926e-05
3.081611e-02,-6.356963e-01,2.744911e-02,-3.896580e-01,4.601217e-05
3.349828e-02,-6.355711e-01,2.986511e-02,-3.894513e-01,5.001563e-05
3.618278e-02,-6.354351e-01,3.228728e-02,-3.892264e-01,5.401969e-05
3.887001e-02,-6.352883e-01,3.471673e-02,-3.889824e-01,5.802440e-05
4.156067e-02,-6.351307e-01,3.715637e-02,-3.887196e-01,6.202981e-05
4.425534e-02,-6.349617e-01,3.960789e-02,-3.884362e-01,6.603597e-05
4.695486e-02,-6.347809e-01,4.207028e-02,-3.881262e-01,7.004291e-05
4.966601e-02,-6.345917e-01,4.459878e-02,-3.878237e-01,7.405071e-05
5.237320e-02,-6.343785e-01,4.705806e-02,-3.874073e-01,7.805939e-05
5.509779e-02,-6.341474e-01,4.940059e-02,-3.867439e-01,8.206901e-05
5.823158e-02,-6.341645e-01,5.639211e-02,-3.888409e-01,8.607962e-05
6.004895e-02,-6.332512e-01,5.019299e-02,-3.835104e-01,9.009126e-05
6.475058e-02,-6.324149e-01,4.571437e-02,-3.825479e-01,9.410400e-05
6.430049e-02,-6.336483e-01,7.033108e-02,-3.872638e-01,9.811786e-05
7.182688e-02,-6.336356e-01,8.711123e-02,-3.816107e-01,1.021329e-04
7.262388e-02,-6.316104e-01,6.525452e-02,-3.624118e-01,1.061492e-04
7.209561e-02,-6.297206e-01,3.987844e-02,-3.851190e-01,1.101668e-04
7.150619e-02,-6.316639e-01,6.384756e-02,-4.008629e-01,1.141856e-04
8.882513e-02,-6.331994e-01,1.152213e-01,-3.625478e-01,1.182059e-04
8.831917e-02,-6.290142e-01,5.972869e-02,-3.546407e-01,1.222276e-04
8.687706e-02,-6.295586e-01,7.544227e-02,-3.927054e-01,1.262508e-04
8.596320e-02,-6.281831e-01,6.417085e-02,-3.998949e-01,1.302755e-04
8.823390e-02,-6.313363e-01,9.405214e-02,-3.517345e-01,1.343018e-04
8.567988e-02,-6.268155e-01,3.853760e-02,-3.980436e-01,1.383297e-04
8.715213e-02,-6.313976e-01,1.023593e-01,-4.020024e-01,1.423593e-04
1.125967e-01,-6.251858e-01,8.152296e-02,-3.395994e-01,1.463906e-04
1.078553e-01,-6.241880e-01,5.336532e-02,-3.929710e-01,1.504237e-04
1.078172e-01,-6.264693e-01,1.174266e-01,-4.037308e-01,1.544586e-04
1.094561e-01,-6.246394e-01,4.630561e-02,-3.475655e-01,1.584954e-04
1.080100e-01,-6.285015e-01,1.477812e-01,-3.868773e-01,1.625341e-04
1.092169e-01,-6.255665e-01,1.033558e-01,-3.636229e-01,1.665748e-04
1.133892e-01,-6.270484e-01,1.206429e-01,-3.346277e-01,1.706175e-04
1.098835e-01,-6.271501e-01,1.344897e-01,-3.470863e-01,1.746623e-04
1.058119e-01,-6.248685e-01,8.911774e-02,-4.163882e-01,1.787092e-04
1.047858e-01,-6.225271e-01,5.822310e-02,-4.078047e-01,1.827583e-04
1.448577e-01,-6.273496e-01,1.794322e-01,-3.246892e-01,1.868096e-04
1.436555e-01,-6.283660e-01,2.059208e-01,-3.678573e-01,1.908632e-04
1.425093e-01,-6.251226e-01,1.338283e-01,-4.010120e-01,1.949192e-04
1.427662e-01,-6.264830e-01,1.776813e-01,-3.905235e-01,1.989775e-04
1.445788e-01,-6.246367e-01,1.444817e-01,-3.443760e-01,2.030383e-04
1.501758e-01,-6.144969e-01,1.294912e-01,-3.443523e-01,2.071015e-04
1.523024e-01,-6.102947e-01,5.594040e-02,-3.565002e-01,2.111673e-04
1.495512e-01,-6.131381e-01,6.126261e-02,-3.828615e-01,2.152357e-04
1.550425e-01,-6.131778e-01,1.337978e-01,-2.965424e-01,2.193067e-04
1.409877e-01,-6.206503e-01,1.285148e-01,-4.110852e-01,2.233804e-04
1.464742e-01,-6.171452e-01,1.327886e-01,-4.112296e-01,2.274569e-04
1.521249e-01,-6.123414e-01,8.695237e-02,-3.380819e-01,2.315361e-04
1.447799e-01,-6.183253e-01,1.461321e-01,-4.190676e-01,2.356182e-04
1.483034e-01,-6.152775e-01,1.221810e-01,-3.775921e-01,2.397033e-04
1.479544e-01,-6.181177e-01,1.871860e-01,-3.665074e-01,2.437913e-04
1.554449e-01,-6.101257e-01,8.727688e-02,-3.173003e-01,2.478823e-04
1.494328e-01,-6.175854e-01,1.737127e-01,-3.159335e-01,2.519763e-04
1.980021e-01,-6.070612e-01,2.572968e-01,-3.707216e-01,2.560735e-04
1.469690e-01,-6.142459e-01,7.511611e-02,-4.284929e-01,2.601739e-04
1.975140e-01,-6.034202e-01,1.711157e-01,-4.102988e-01,2.642774e-04
1.521764e-01,-6.144190e-01,1.474268e-01,-3.086210e-01,2.683843e-04
2.058489e-01,-5.998178e-01,1.291527e-01,-2.971190e-01,2.724945e-04
1.968402e-01,-5.998189e-01,7.716231e-02,-4.131417e-01,2.766081e-04
1.962921e-01,-6.019711e-01,1.299735e-01,-4.373267e-01,2.807252e-04
1.934627e-01,-6.093030e-01,2.358761e-01,-4.008570e-01,2.848457e-04
2.028929e-01,-6.061926e-01,2.669900e-01,-2.611943e-01,2.889698e-04
2.092196e-01,-5.999240e-01,1.353118e-01,-2.851931e-01,2.930976e-04
1.963262e-01,-6.089780e-01,2.629868e-01,-3.647022e-01,2.972289e-04
1.944224e-01,-6.058281e-01,1.869458e-01,-4.216529e-01,3.013641e-04
2.023253e-01,-6.043199e-01,2.112529e-01,-2.723447e-01,3.055030e-04
1.995899e-01,-6.062980e-01,2.644539e-01,-3.205783e-01,3.096457e-04
2.001160e-01,-6.031300e-01,1.404280e-01,-3.207552e-01,3.137923e-04
2.129179e-01,-6.005787e-01,1.768382e-01,-2.600092e-01,3.179429e-04
1.993735e-01,-6.005378e-01,1.022191e-01,-3.726175e-01,3.220975e-04
2.029875e-01,-6.025814e-01,1.450973e-01,-2.626246e-01,3.262562e-04
2.005944e-01,-5.997969e-01,6.835616e-02,-3.063125e-01,3.304190e-04
1.875303e-01,-6.070834e-01,1.762828e-01,-4.024432e-01,3.345860e-04
2.861015e-01,-5.949776e-01,3.580038e-01,-1.999796e-01,3.387572e-04
1.994292e-01,-6.043473e-01,2.108787e-01,-3.566472e-01,3.429327e-04
2.866707e-01,-5.884756e-01,3.270757e-01,-1.428722e-01,3.471126e-04
2.095407e-01,-6.020122e-01,2.081893e-01,-2.739296e-01,3.512969e-04
2.808444e-01,-5.842194e-01,2.490424e-01,-2.518051e-01,3.554857e-04
2.817013e-01,-5.811489e-01,2.012741e-01,-1.986080e-01,3.596790e-04
2.772891e-01,-5.873201e-01,3.269217e-01,-2.708795e-01,3.638769e-04
2.709644e-01,-5.809237e-01,2.075176e-01,-4.488179e-01,3.680795e-04
2.752084e-01,-5.799972e-01,1.969098e-01,-3.423537e-01,3.722868e-04
2.821987e-01,-5.846809e-01,2.643840e-01,-1.739371e-01,3.764989e-04
2.753231e-01,-5.875953e-01,3.313501e-01,-3.377637e-01,3.807159e-04
2.776389e-01,-5.821413e-01,1.999810e-01,-2.631752e-01,3.849377e-04
2.771065e-01,-5.911275e-01,3.846093e-01,-2.958141e-01,3.891645e-04
2.782147e-01,-5.937603e-01,4.014704e-01,-2.731418e-01,3.933963e-04
2.869319e-01,-5.619914e-01,3.278767e-01,-2.496920e-01,3.976333e-04
2.734495e-01,-5.865856e-01,3.126344e-01,-4.215284e-01,4.018754e-04
2.769858e-01,-5.834946e-01,2.794975e-01,-3.030513e-01,4.061227e-04
2.743673e-01,-5.778457e-01,1.529558e-01,-3.729199e-01,4.103752e-04
2.825578e-01,-5.892632e-01,3.781634e-01,-1.921370e-01,4.146332e-04
2.739961e-01,-5.840520e-01,2.788981e-01,-3.760957e-01,4.188965e-04
2.808582e-01,-5.581018e-01,2.036027e-01,-4.431668e-01,4.231654e-04
2.809379e-01,-5.876766e-01,3.365283e-01,-2.409557e-01,4.274397e-04
2.842897e-01,-5.589725e-01,2.295334e-01,-3.252991e-01,4.317197e-04
2.742741e-01,-5.894370e-01,3.856050e-01,-3.834854e-01,4.360054e-04
2.829560e-01,-5.637951e-01,3.032119e-01,-3.164443e-01,4.402968e-04
2.779628e-01,-5.781048e-01,1.723582e-01,-2.704957e-01,4.445940e-04
2.887296e-01,-5.622994e-01,3.274491e-01,-1.638016e-01,4.488970e-04
2.842270e-01,-5.858953e-01,2.881516e-01,-1.420074e-01,4.532061e-04
2.903346e-01,-5.582354e-01,2.439616e-01,-1.129938e-01,4.575211e-04
2.728900e-01,-5.824410e-01,2.299574e-01,-4.168009e-01,4.618422e-04
2.817855e-01,-5.678935e-01,2.866180e-01,-3.084488e-01,4.661695e-04
2.824378e-01,-5.519508e-01,1.020937e-01,-3.824275e-01,4.705029e-04
2.861989e-01,-5.538474e-01,1.281865e-01,-2.834234e-01,4.748427e-04
2.827205e-01,-5.575962e-01,1.813912e-01,-3.690197e-01,4.791888e-04
2.889490e-01,-5.506185e-01,1.109798e-01,-2.448732e-01,4.835414e-04
2.910010e-01,-5.539826e-01,1.643868e-01,-1.616457e-01,4.879005e-04
2.803262e-01,-5.619354e-01,2.567167e-01,-4.023285e-01,4.922661e-04
2.857182e-01,-5.602549e-01,2.710813e-01,-2.762525e-01,4.966384e-04
3.878954e-01,-5.315368e-01,5.193131e-01,-2.525948e-01,5.010173e-04
2.888383e-01,-5.584204e-01,2.487073e-01,-2.259914e-01,5.054031e-04
3.945676e-01,-5.223802e-01,3.342765e-01,-6.335240e-02,5.097958e-04
2.837395e-01,-5.542017e-01,1.484617e-01,-3.585351e-01,5.141954e-04
3.829487e-01,-5.293099e-01,4.775640e-01,-3.263724e-01,5.186020e-04
2.883695e-01,-5.554236e-01,1.748673e-01,-2.271639e-01,5.230156e-04
3.974476e-01,-5.243226e-01,3.887776e-01,-2.294967e-03,5.274365e-04
3.861291e-01,-5.252563e-01,3.597678e-01,-2.781587e-01,5.318646e-04
3.854941e-01,-5.153708e-01,1.991370e-01,-3.101271e-01,5.363000e-04
3.908546e-01,-5.165540e-01,2.148456e-01,-1.700120e-01,5.407428e-04
3.937241e-01,-5.252080e-01,3.848300e-01,-1.025549e-01,5.451931e-04
3.978273e-01,-5.289915e-01,4.651802e-01,2.000576e-02,5.496509e-04
3.941436e-01,-5.319263e-01,5.306218e-01,-7.565545e-02,5.541163e-04
3.924927e-01,-5.207300e-01,3.250216e-01,-1.276998e-01,5.585895e-04
3.907293e-01,-5.292612e-01,4.983224e-01,-1.909047e-01,5.630705e-04
3.871712e-01,-5.177673e-01,2.432954e-01,-2.769425e-01,5.675593e-04
3.829373e-01,-5.258313e-01,4.020238e-01,-3.501133e-01,5.720561e-04
3.915021e-01,-5.331559e-01,5.522739e-01,-1.666841e-01,5.765609e-04
3.867008e-01,-5.269251e-01,4.632264e-01,-2.480964e-01,5.810738e-04
3.990579e-01,-5.220942e-01,3.259417e-01,2.169277e-02,5.855949e-04
3.893469e-01,-5.195270e-01,2.974167e-01,-1.999716e-01,5.901243e-04
3.965097e-01,-5.150622e-01,2.405753e-01,-6.302234e-02,5.946621e-04
3.807944e-01,-5.230577e-01,3.384952e-01,-3.793118e-01,5.992083e-04
4.037141e-01,-5.124797e-01,3.041636e-01,-5.938082e-02,6.037631e-04
3.900733e-01,-5.135463e-01,1.704514e-01,-1.939398e-01,6.083265e-04
3.912431e-01,-5.272791e-01,4.029684e-01,-1.701220e-01,6.128986e-04
4.415423e-01,-4.695310e-01,4.495306e-01,3.990351e-02,6.174795e-04
3.875190e-01,-5.216752e-01,3.487663e-01,-2.552670e-01,6.220693e-04
4.380371e-01,-4.717518e-01,4.925986e-01,5.217611e-03,6.266681e-04
3.933020e-01,-5.179007e-01,2.522464e-01,-8.007054e-02,6.312760e-04
4.316453e-01,-4.671088e-01,3.566958e-01,-1.952737e-01,6.358930e-04
3.837073e-01,-5.199640e-01,2.871712e-01,-3.454528e-01,6.405192e-04
4.407091e-01,-4.759384e-01,5.607298e-01,4.194146e-03,6.451548e-04
4.310674e-01,-4.609660e-01,2.388443e-01,-2.271592e-01,6.497999e-04
4.437077e-01,-4.648734e-01,3.655504e-01,1.248826e-01,6.544545e-04
4.360144e-01,-4.588599e-01,2.142176e-01,-1.063415e-01,6.591187e-04
4.430203e-01,-4.629663e-01,2.704942e-01,7.398682e-02,6.637926e-04
4.370189e-01,-4.676866e-01,3.768824e-01,-7.670069e-02,6.684763e-04
4.359696e-01,-4.641625e-01,3.019204e-01,-9.227155e-02,6.731700e-04
4.317008e-01,-4.743433e-01,4.988253e-01,-2.056177e-01,6.778736e-04
4.333349e-01,-4.701095e-01,4.271704e-01,-1.689274e-01,6.825874e-04
4.359716e-01,-4.716149e-01,4.785349e-01,-1.013427e-01,6.873114e-04
4.294668e-01,-4.702938e-01,4.393266e-01,-2.738880e-01,6.920457e-04
4.438635e-01,-4.693229e-01,4.293866e-01,1.468395e-01,6.967904e-04
4.329100e-01,-4.630580e-01,2.871613e-01,-1.738626e-01,7.015456e-04
4.289361e-01,-4.663214e-01,3.363545e-01,-2.924952e-01,7.063114e-04
4.393057e-01,-4.613189e-01,2.600943e-01,-2.981027e-02,7.110880e-04
4.302941e-01,-4.779547e-01,5.378938e-01,-1.874315e-01,7.158754e-04
3.949961e-01,-5.284867e-01,4.569756e-01,-6.150132e-02,7.206737e-04
4.432336e-01,-4.740768e-01,5.064757e-01,9.211185e-02,7.254831e-04
4.422583e-01,-4.584572e-01,2.333413e-01,3.254712e-02,7.303036e-04
5.503494e-01,-3.272429e-01,8.544515e-02,4.121405e-01,7.351353e-04
4.401848e-01,-4.667440e-01,3.529892e-01,1.048831e-02,7.399785e-04
5.554689e-01,-3.423789e-01,3.000616e-01,4.910245e-01,7.448331e-04
4.345560e-01,-4.753825e-01,5.583808e-01,-8.894106e-02,7.496993e-04
5.518224e-01,-3.500751e-01,4.812048e-01,3.518511e-01,7.545772e-04
5.502085e-01,-3.303310e-01,1.505364e-01,3.904468e-01,7.594669e-04
5.447421e-01,-3.581476e-01,6.427914e-01,1.438611e-01,7.643685e-04
5.391891e-01,-3.342478e-01,2.282572e-01,8.672346e-02,7.692822e-04
5.354659e-01,-3.410819e-01,3.812195e-01,-3.609889e-02,7.742081e-04
5.376890e-01,-3.441707e-01,4.659941e-01,-1.380243e-02,7.791462e-04
5.431327e-01,-3.500489e-01,5.230523e-01,1.020946e-01,7.840968e-04
5.546511e-01,-3.332862e-01,1.556283e-01,5.181533e-01,7.890599e-04
5.467413e-01,-3.266940e-01,9.155345e-02,3.017387e-01,7.940356e-04
5.453826e-01,-3.327652e-01,2.140233e-01,2.490022e-01,7.990241e-04
5.494110e-01,-3.387003e-01,3.062563e-01,3.646328e-01,8.040254e-04
5.427794e-01,-3.379321e-01,2.595786e-01,1.522022e-01,8.090398e-04
5.561632e-01,-3.485594e-01,4.904573e-01,4.760218e-01,8.140674e-04
5.551833e-01,-3.455469e-01,3.910918e-01,4.781509e-01,8.191082e-04
5.356623e-01,-2.998074e-01,2.888678e-01,3.449278e-01,8.241624e-04
5.525534e-01,-3.588788e-01,6.250786e-01,3.537857e-01,8.292302e-04
5.428142e-01,-3.266974e-01,1.168908e-01,1.823423e-01,8.343116e-04
5.470191e-01,-3.509996e-01,5.169112e-01,2.175208e-01,8.394068e-04
5.576146e-01,-3.399120e-01,2.549788e-01,5.602598e-01,8.445160e-04
5.472093e-01,-3.376287e-01,2.385253e-01,2.514196e-01,8.496392e-04
5.439260e-01,-3.305240e-01,1.578770e-01,1.848945e-01,8.547766e-04
5.586310e-01,-3.471982e-01,4.083964e-01,5.846798e-01,8.599284e-04
5.525341e-01,-3.447371e-01,3.797200e-01,3.659590e-01,8.650947e-04
5.529743e-01,-3.371372e-01,2.629776e-01,4.761668e-01,8.702756e-04
5.386446e-01,-3.558529e-01,5.867816e-01,2.010929e-02,8.754713e-04
5.558517e-01,-3.539967e-01,5.562598e-01,4.758045e-01,8.806818e-04
5.397995e-01,-3.390275e-01,3.119996e-01,4.141178e-02,8.859075e-04
5.345247e-01,-3.334335e-01,2.702294e-01,3.801242e-02,8.911484e-04
5.413766e-01,-3.474347e-01,4.770301e-01,5.192735e-02,8.964046e-04
5.482398e-01,-3.540509e-01,5.990961e-01,2.448260e-01,9.016763e-04
5.512027e-01,-3.348317e-01,1.759861e-01,3.853972e-01,9.069637e-04
5.484887e-01,-3.603294e-01,6.570131e-01,2.359813e-01,9.122669e-04
5.134867e-01,-7.250047e-02,-5.579321e-01,5.996567e-02,9.175861e-04
5.452491e-01,-3.407903e-01,3.591960e-01,2.064839e-01,9.229215e-04
5.524658e-01,-3.535436e-01,5.685804e-01,3.614669e-01,9.282731e-04
5.485584e-01,-3.438265e-01,3.767449e-01,2.927451e-01,9.336412e-04
5.432097e-01,-5.699656e-02,-7.056523e-01,5.566030e-01,9.390259e-04
5.469929e-01,-3.467530e-01,4.565383e-01,2.217121e-01,9.444274e-04
5.331423e-01,-6.078193e-02,-7.151477e-01,3.452218e-01,9.498458e-04
5.425035e-01,-3.540558e-01,5.825184e-01,9.003866e-02,9.552814e-04
5.240928e-01,-8.505278e-02,-5.685679e-02,4.026342e-01,9.607342e-04
5.312554e-01,-4.109082e-01,4.354027e-01,1.202302e-01,9.662045e-04
5.943666e-01,-8.588859e-02,-2.060820e-01,4.981243e-01,9.716925e-04
5.412559e-01,-3.425760e-01,4.133841e-01,9.389658e-02,9.771983e-04
5.313542e-01,-6.944722e-02,-3.913307e-01,4.023387e-01,9.827220e-04
5.362314e-01,-6.117506e-02,-6.494058e-01,4.715899e-01,9.882640e-04
5.423396e-01,-7.745636e-02,-1.468604e-01,7.335995e-01,9.938243e-04
5.291883e-01,-8.049212e-02,-1.744981e-01,4.442709e-01,9.994031e-04
5.266729e-01,-5.906499e-02,-7.820975e-01,2.732889e-01,1.005001e-03
5.463950e-01,-7.129588e-02,-2.423208e-01,7.462642e-01,1.010617e-03
5.462194e-01,-5.830111e-02,-6.103293e-01,6.600671e-01,1.016253e-03
4.065340e-01,-4.796339e-02,-9.250528e-01,-6.006932e-02,1.021908e-03
5.416116e-01,-6.055113e-02,-6.224024e-01,5.624731e-01,1.027582e-03
5.309238e-01,-6.696380e-02,-5.410941e-01,3.665196e-01,1.033276e-03
4.615761e-01,-6.281169e-02,-7.827184e-01,2.334284e-01,1.038990e-03
5.505456e-01,-6.016646e-02,-5.045713e-01,7.037501e-01,1.044724e-03
5.111803e-01,-7.858752e-02,-4.045445e-01,9.058791e-02,1.050479e-03
5.303682e-01,-6.403474e-02,-6.639109e-01,3.221978e-01,1.056254e-03
5.376958e-01,-7.078199e-02,-3.561368e-01,6.117296e-01,1.062049e-03
5.230632e-01,-8.124996e-02,-2.208478e-01,3.788228e-01,1.067866e-03
5.330300e-01,-7.479726e-02,-2.763642e-01,5.143285e-01,1.073704e-03
5.163468e-01,-7.416719e-02,-4.671923e-01,1.851821e-01,1.079563e-03
3.401492e-01,-1.792156e-02,-7.659441e-01,-3.511968e-01,1.085444e-03
5.317329e-01,-8.065197e-02,-1.382036e-01,5.665541e-01,1.091346e-03
5.355742e-01,-6.558524e-02,-5.437231e-01,5.031802e-01,1.097271e-03
5.224256e-01,-6.017006e-02,-7.742060e-01,1.352832e-01,1.103218e-03
5.289838e-01,-7.557272e-02,-3.142590e-01,4.149723e-01,1.109187e-03
6.067406e-01,-1.685575e-01,-8.174254e-03,4.879450e-01,1.115180e-03
5.380559e-01,-7.711577e-02,-1.600457e-01,6.338924e-01,1.121195e-03
5.237449e-01,-7.689347e-02,-3.316268e-01,3.353037e-01,1.127233e-03
3.688675e-01,-2.710286e-02,-8.295116e-01,-2.317720e-01,1.133295e-03
5.747202e-01,-6.408418e-02,-3.294622e-01,5.341785e-01,1.139381e-03
5.156188e-01,-8.390908e-02,-1.726530e-01,1.968311e-01,1.145490e-03
5.355249e-01,-6.950631e-02,-4.150983e-01,4.984200e-01,1.151624e-03
3.604895e-01,-2.978286e-02,-8.147685e-01,-3.071315e-01,1.157783e-03
5.236550e-01,-6.292666e-02,-6.677768e-01,1.925886e-01,1.163966e-03
5.260185e-01,-6.928830e-02,-4.758847e-01,3.117217e-01,1.170174e-03
5.441130e-01,-6.545741e-02,-4.456841e-01,6.834319e-01,1.176408e-03
5.415078e-01,-6.396292e-02,-5.026459e-01,5.693820e-01,1.182667e-03
5.184863e-01,-7.994157e-02,-3.245406e-01,2.826684e-01,1.188952e-03
5.377737e-01,-5.281648e-02,-7.932314e-01,4.217969e-01,1.195263e-03
5.366894e-01,-5.639626e-02,-7.307792e-01,4.021104e-01,1.201600e-03
5.273123e-01,-8.466453e-02,-5.566622e-02,5.122499e-01,1.207965e-03
5.395637e-01,-7.276911e-02,-2.571139e-01,6.895493e-01,1.214356e-03
2.967897e-01,5.350793e-03,-6.812844e-01,-5.203254e-01,1.220774e-03
5.463171e-01,-6.762668e-02,-3.591175e-01,7.608218e-01,1.227220e-03
5.352035e-01,-8.188401e-02,-6.969251e-02,6.415880e-01,1.233694e-03
5.167299e-01,-7.022948e-02,-6.210209e-01,1.527904e-01,1.240197e-03
5.150800e-01,-7.924431e-02,-3.608286e-01,1.588267e-01,1.246727e-03
3.006136e-01,-2.587261e-02,-8.186792e-01,-4.676669e-01,1.253287e-03
5.190251e-01,-8.383990e-02,-1.297209e-01,3.289998e-01,1.259876e-03
2.960319e-01,-4.503267e-02,-3.984336e-01,-8.799759e-01,1.266494e-03
5.240554e-01,-6.699007e-02,-5.992173e-01,1.903496e-01,1.273142e-03
2.975891e-01,-1.194322e-02,-7.993212e-01,-5.142674e-01,1.279820e-03
5.230055e-01,-7.271342e-02,-4.503820e-01,2.535681e-01,1.286529e-03
2.951790e-01,-2.022703e-02,-8.137965e-01,-5.798047e-01,1.293269e-03
2.939039e-01,-4.062228e-02,-4.976743e-01,-9.217578e-01,1.300040e-03
2.898948e-01,-2.321145e-02,-7.473729e-01,-8.490030e-01,1.306842e-03
3.057467e-01,-3.871352e-02,-6.622893e-01,-4.966168e-01,1.313676e-03
3.024074e-01,-4.248849e-02,-4.944353e-01,-5.889368e-01,1.320543e-03
2.987863e-01,-4.147692e-02,-4.984832e-01,-7.770385e-01,1.327442e-03
2.785097e-01,-1.200481e-01,-4.134801e-01,-1.177240e+00,1.334375e-03
2.937338e-01,-2.790393e-02,-6.386717e-01,-7.363250e-01,1.341340e-03
3.006143e-01,-3.863717e-02,-6.220553e-01,-6.479183e-01,1.348340e-03
3.175168e-01,-2.953635e-01,7.075368e-01,-7.706400e-01,1.355374e-03
3.092971e-01,-3.714028e-02,-7.930683e-01,-3.408340e-01,1.362443e-03
4.150760e-01,-2.967796e-01,9.503081e-01,2.415967e-02,1.369546e-03
3.062182e-01,-4.710554e-02,-5.184080e-01,-5.566937e-01,1.376685e-03
3.091020e-01,-3.994910e-02,-5.841753e-01,-3.589714e-01,1.383860e-03
3.208802e-01,-1.003652e-01,-7.885277e-01,-9.028336e-01,1.391071e-03
2.880912e-01,-2.667541e-02,-5.969754e-01,-9.110533e-01,1.398319e-03
4.241716e-01,-1.212201e-01,-1.060509e+00,4.621325e-01,1.405604e-03
2.993118e-01,-2.949546e-02,-7.373479e-01,-5.627865e-01,1.412927e-03
2.928094e-01,-3.542008e-02,-5.805772e-01,-9.010595e-01,1.420288e-03
2.331862e-01,-1.616712e-01,-8.508152e-02,-1.164362e+00,1.427688e-03
3.004725e-01,-4.784199e-02,-3.902796e-01,-7.465508e-01,1.435126e-03
3.104916e-01,-5.167493e-02,-5.347535e-01,-4.586875e-01,1.442604e-03
3.316239e-01,-1.138364e-01,-9.250294e-01,-1.007503e+00,1.450122e-03
3.077863e-01,-5.212328e-02,-4.554573e-01,-6.617864e-01,1.457681e-03
3.851954e-01,-1.082286e-01,-1.285397e+00,-2.511578e-01,1.465280e-03
3.019185e-01,-3.484256e-02,-7.410166e-01,-5.168938e-01,1.472921e-03
4.551229e-01,-9.672871e-02,-7.354110e-01,4.485790e-01,1.480605e-03
4.017411e-01,-1.016698e-01,-1.159009e+00,1.724976e-02,1.488330e-03
2.933140e-01,-2.369749e-02,-7.346344e-01,-6.718224e-01,1.496099e-03
4.262576e-01,-1.116419e-01,-1.051187e+00,4.102266e-01,1.503912e-03
4.334044e-01,-1.207865e-01,-9.909296e-01,5.637566e-01,1.511769e-03
2.928840e-01,-1.441140e-02,-7.837397e-01,-6.705543e-01,1.519670e-03
2.625054e-01,-2.407771e-01,3.848061e-01,-1.086744e+00,1.527617e-03
2.975793e-01,-3.418180e-02,-6.632514e-01,-7.248405e-01,1.535610e-03
3.850984e-01,-3.027331e-01,9.458171e-01,-2.194081e-01,1.543649e-03
4.591834e-01,-2.508646e-01,7.480932e-01,6.292748e-01,1.551736e-03
2.750277e-01,-2.693095e-01,5.328624e-01,-9.716204e-01,1.559870e-03
3.543656e-01,-3.071941e-01,8.490203e-01,-4.817477e-01,1.568053e-03
2.376965e-01,-1.627488e-01,-6.079288e-02,-1.085416e+00,1.576285e-03
4.841129e-01,-2.283409e-01,4.931382e-01,7.727467e-01,1.584567e-03
3.801401e-01,-9.238197e-02,-1.179261e+00,-2.428287e-01,1.592899e-03
3.202190e-01,-2.977925e-01,7.994005e-01,-6.532510e-01,1.601282e-03
3.583812e-01,-6.587583e-02,-9.755109e-01,-4.011807e-01,1.609716e-03
4.240214e-01,-9.515422e-02,-1.020821e+00,2.627966e-01,1.618204e-03
4.440733e-01,-2.855387e-01,8.262907e-01,3.031064e-01,1.626744e-03
4.873417e-01,-1.918654e-01,1.370341e-01,8.637563e-01,1.635338e-03
3.155527e-01,-1.223910e-01,-6.964642e-01,-1.149562e+00,1.643987e-03
4.998873e-01,-1.739211e-01,1.812385e-02,9.000684e-01,1.652691e-03
2.847954e-01,-2.675113e-01,5.781019e-01,-9.359484e-01,1.661452e-03
4.114290e-01,-2.455177e-01,1.117072e+00,2.997163e-01,1.670269e-03
4.456488e-01,-2.921215e-01,8.570647e-01,2.726296e-01,1.679145e-03
4.873593e-01,-1.689029e-01,-7.918307e-02,8.170203e-01,1.688078e-03
4.812536e-01,-2.074380e-01,2.998318e-01,9.360270e-01,1.697071e-03
2.472353e-01,-2.092429e-01,1.853919e-01,-1.147274e+00,1.706125e-03
3.835835e-01,-7.526859e-02,-1.081401e+00,-2.048601e-01,1.715239e-03
4.928028e-01,-1.935081e-01,1.769662e-01,9.265984e-01,1.724416e-03
3.658067e-01,-3.166951e-01,8.223181e-01,-3.450392e-01,1.733655e-03
4.387881e-01,-2.781480e-01,8.771944e-01,3.081665e-01,1.742959e-03
4.729970e-01,-1.235065e-01,-4.993565e-01,7.057547e-01,1.752326e-03
4.692579e-01,-2.002137e-01,2.240148e-01,9.429887e-01,1.761760e-03
4.063514e-01,-8.853648e-02,-1.132253e+00,4.952056e-02,1.771261e-03
4.327326e-01,-2.683510e-01,9.424133e-01,3.597530e-01,1.780829e-03
3.638293e-01,-3.236507e-01,8.540764e-01,-3.695667e-01,1.790465e-03
3.261163e-01,-2.610755e-01,9.197578e-01,-9.201635e-01,1.800172e-03
3.178631e-01,-9.187045e-02,-8.238149e-01,-8.881115e-01,1.809949e-03
4.922749e-01,-1.697472e-01,-3.997282e-02,8.927605e-01,1.819798e-03
3.731868e-01,-2.757305e-01,1.176039e+00,-3.388900e-01,1.829720e-03
3.495956e-01,-9.781002e-02,-1.052921e+00,-8.356217e-01,1.839716e-03
4.508784e-01,-8.814564e-02,-8.511376e-01,3.551171e-01,1.849788e-03
4.194777e-01,-2.484528e-01,1.049093e+00,4.024250e-01,1.859936e-03
4.757921e-01,-1.064215e-01,-5.379412e-01,5.696038e-01,1.870161e-03
4.029348e-01,-2.759929e-01,1.114342e+00,-2.156353e-02,1.880465e-03
4.962604e-01,-1.620059e-01,-1.673609e-01,8.704769e-01,1.890850e-03
4.366611e-01,-1.249688e-01,-8.763160e-01,6.718447e-01,1.901316e-03
2.912842e-01,-1.840509e-01,7.956366e-02,-1.524643e+00,1.911864e-03
3.956973e-01,-1.109921e-01,-1.277315e+00,8.112614e-02,1.922497e-03
4.718546e-01,-9.699828e-02,-6.360281e-01,4.804387e-01,1.933214e-03
4.176559e-01,-2.665362e-01,1.135246e+00,1.261093e-01,1.944019e-03
4.099132e-01,-1.155888e-01,-1.156855e+00,2.703895e-01,1.954912e-03
4.734800e-01,-1.676692e-01,-1.183240e-01,9.310034e-01,1.965895e-03
4.391108e-01,-2.096673e-01,6.931014e-01,9.105004e-01,1.976969e-03
4.440515e-01,-9.390101e-02,-8.479318e-01,3.344455e-01,1.988135e-03
3.137054e-01,-9.944350e-02,-7.375651e-01,-1.019884e+00,1.999396e-03
3.934891e-01,-2.705714e-01,1.140980e+00,-1.408883e-01,2.010753e-03
3.108119e-01,-1.221890e-01,-6.406642e-01,-1.271269e+00,2.022207e-03
4.256003e-01,-6.599307e-02,-9.433486e-01,1.318776e-01,2.033761e-03
4.212587e-01,-2.645533e-01,1.043878e+00,3.208280e-01,2.045416e-03
4.858031e-01,-1.442248e-01,-3.044619e-01,8.061085e-01,2.057173e-03
3.404678e-01,-7.906590e-02,-9.401903e-01,-6.380493e-01,2.069035e-03
3.146131e-01,-2.289032e-01,8.043455e-01,-1.322443e+00,2.081003e-03
3.813335e-01,-1.169032e-01,-1.229874e+00,-3.298151e-01,2.093080e-03
4.176947e-01,-2.577224e-01,1.058497e+00,2.542073e-01,2.105267e-03
4.239286e-01,-1.339637e-01,-9.427524e-01,6.649507e-01,2.117566e-03
4.682748e-01,-8.183876e-02,-7.261988e-01,3.652337e-01,2.129979e-03
3.314429e-01,-2.502514e-01,9.698091e-01,-9.765591e-01,2.142509e-03
3.031190e-01,-2.146725e-01,5.090582e-01,-1.471038e+00,2.155158e-03
3.047929e-01,-1.112284e-01,-6.462137e-01,-1.157427e+00,2.167927e-03
4.056573e-01,-9.863837e-02,-1.166198e+00,1.285251e-01,2.180819e-03
4.143292e-01,-6.902986e-02,-9.855199e-01,2.614371e-02,2.193837e-03
3.766720e-01,-1.195984e-01,-1.167105e+00,-4.531599e-01,2.206983e-03
4.540042e-01,-1.309772e-01,-6.961316e-01,8.685855e-01,2.220259e-03
4.555771e-01,-1.557895e-01,-3.617409e-01,1.045053e+00,2.233667e-03
3.872028e-01,-1.190710e-01,-1.167889e+00,-1.840258e-01,2.247211e-03
3.594001e-01,-1.621489e-01,-3.155877e-01,-6.828931e-01,2.260893e-03
4.686563e-01,-2.079203e-01,4.002953e-01,8.921283e-01,2.274716e-03
4.055857e-01,-2.404813e-01,1.164238e+00,2.089280e-01,2.288682e-03
3.694043e-01,-2.585570e-01,1.234200e+00,-4.743279e-01,2.302795e-03
3.715109e-01,-2.495196e-01,1.331625e+00,-3.882201e-01,2.317058e-03
3.459909e-01,-2.180247e-01,8.108932e-01,-1.020278e+00,2.331473e-03
4.064269e-01,-2.508368e-01,1.217164e+00,1.263034e-01,2.346043e-03
4.392342e-01,-2.463955e-01,9.023542e-01,5.715374e-01,2.360773e-03
4.235390e-01,-1.655691e-01,-2.794266e-01,6.626238e-01,2.375665e-03
3.533386e-01,-9.802275e-02,-1.075299e+00,-6.181364e-01,2.390722e-03
4.537335e-01,-2.192741e-01,6.465781e-01,8.580166e-01,2.405949e-03
4.277960e-01,-1.927051e-01,3.481736e-01,7.938762e-01,2.421349e-03
4.518994e-01,-2.397016e-01,7.515914e-01,6.976026e-01,2.436925e-03
3.554382e-01,-1.025651e-01,-9.787860e-01,-5.756829e-01,2.452682e-03
4.769264e-01,-2.129627e-01,4.494197e-01,8.777034e-01,2.468624e-03
3.284149e-01,-2.227478e-01,9.599682e-01,-1.274217e+00,2.484754e-03
4.465170e-01,-2.007949e-01,3.913826e-01,1.058309e+00,2.501077e-03
3.711053e-01,-1.008073e-01,-1.157337e+00,-3.807183e-01,2.517597e-03
4.328009e-01,-1.896031e-01,2.874347e-01,9.635414e-01,2.534319e-03
4.299121e-01,-1.863012e-01,9.726887e-02,8.179240e-01,2.551248e-03
3.538188e-01,-1.792140e-01,-7.150386e-03,-8.873120e-01,2.568388e-03
4.320164e-01,-2.307241e-01,9.496758e-01,7.302670e-01,2.585744e-03
4.554375e-01,-2.066907e-01,4.518965e-01,9.631361e-01,2.603322e-03
3.846442e-01,-2.241424e-01,9.559715e-01,-1.586557e-01,2.621126e-03
3.235130e-01,-1.607568e-01,-5.311435e-01,-1.551949e+00,2.639163e-03
3.351857e-01,-1.300743e-01,-9.656791e-01,-1.238658e+00,2.657438e-03
3.318757e-01,-1.977822e-01,3.476941e-01,-1.250098e+00,2.675957e-03
3.456370e-01,-2.045162e-01,6.361367e-01,-1.076921e+00,2.694726e-03
3.402423e-01,-1.295609e-01,-1.025686e+00,-1.031067e+00,2.713751e-03
4.011507e-01,-1.458286e-01,-7.451328e-01,1.046530e-01,2.733039e-03
3.695441e-01,-2.438409e-01,1.297728e+00,-3.981362e-01,2.752596e-03
3.682185e-01,-2.310924e-01,1.092585e+00,-5.272044e-01,2.772431e-03
3.146856e-01,-1.712791e-01,-1.101059e-01,-1.717147e+00,2.792549e-03
3.579502e-01,-2.300955e-01,1.102988e+00,-8.026224e-01,2.812959e-03
3.117560e-01,-1.870159e-01,2.412422e-01,-1.737184e+00,2.833669e-03
3.994701e-01,-1.194007e-01,-1.148778e+00,1.304685e-01,2.854685e-03
4.229698e-01,-2.208033e-01,8.204012e-01,5.693017e-01,2.876018e-03
3.090531e-01,-1.597195e-01,-3.357418e-01,-1.646865e+00,2.897676e-03
4.289265e-01,-2.223409e-01,8.556471e-01,7.837500e-01,2.919668e-03
4.083697e-01,-1.435555e-01,-7.826647e-01,3.440925e-01,2.942003e-03
3.891149e-01,-1.361631e-01,-8.806550e-01,-1.051882e-01,2.964692e-03
4.151876e-01,-2.277383e-01,1.014164e+00,3.901752e-01,2.987745e-03
3.917640e-01,-1.128081e-01,-1.227846e+00,-1.137768e-01,3.011172e-03
3.567657e-01,-9.273942e-02,-1.167949e+00,-4.966904e-01,3.034984e-03
3.833653e-01,-1.379395e-01,-8.989587e-01,-2.988630e-01,3.059194e-03
4.281222e-01,-2.145466e-01,7.301982e-01,7.296543e-01,3.083814e-03
3.768700e-01,-1.464159e-01,-7.927147e-01,-3.709197e-01,3.108855e-03
3.324663e-01,-1.749611e-01,-9.030500e-02,-1.384713e+00,3.134333e-03
3.736115e-01,-1.884950e-01,2.342944e-01,-4.761870e-01,3.160259e-03
4.211388e-01,-1.319250e-01,-1.063365e+00,4.366647e-01,3.186649e-03
3.506313e-01,-1.184042e-01,-1.144548e+00,-8.049753e-01,3.213518e-03
3.529460e-01,-1.251127e-01,-1.074275e+00,-7.614452e-01,3.240882e-03
3.289054e-01,-2.139795e-01,8.283018e-01,-1.291174e+00,3.268757e-03
3.196961e-01,-1.497124e-01,-6.009338e-01,-1.560175e+00,3.297161e-03
3.631212e-01,-1.268865e-01,-1.124824e+00,-5.791311e-01,3.326112e-03
3.581682e-01,-2.132773e-01,7.636761e-01,-7.846276e-01,3.355629e-03
3.394616e-01,-2.189565e-01,8.546219e-01,-1.155421e+00,3.385732e-03
3.688723e-01,-2.704384e-01,1.133999e+00,-4.774521e-01,3.416442e-03
3.603178e-01,-1.558508e-01,-5.219048e-01,-7.520916e-01,3.447782e-03
4.285903e-01,-2.088970e-01,5.701923e-01,7.187666e-01,3.479775e-03
3.787808e-01,-2.272197e-01,1.061340e+00,-3.375855e-01,3.512445e-03
3.968422e-01,-2.482109e-01,1.251385e+00,-6.346311e-02,3.545818e-03
3.586302e-01,-2.215380e-01,8.872612e-01,-6.955982e-01,3.579921e-03
4.372909e-01,-1.720201e-01,-7.559583e-02,1.003295e+00,3.614784e-03
3.321917e-01,-1.825202e-01,1.224737e-01,-1.450154e+00,3.650437e-03
4.141880e-01,-2.168342e-01,8.219429e-01,5.065281e-01,3.686912e-03
4.252250e-01,-1.969090e-01,5.269499e-01,6.664932e-01,3.724243e-03
4.222617e-01,-2.295818e-01,1.040831e+00,5.571555e-01,3.762466e-03
4.371907e-01,-1.603314e-01,-3.711950e-01,9.413343e-01,3.801620e-03
4.237836e-01,-1.768041e-01,1.804689e-02,6.879996e-01,3.841744e-03
4.161937e-01,-1.472158e-01,-7.052841e-01,4.595479e-01,3.882883e-03
4.460413e-01,-1.621803e-01,-2.872200e-01,1.089738e+00,3.925082e-03
4.237288e-01,-1.408922e-01,-8.216977e-01,5.219375e-01,3.968389e-03
4.395831e-01,-1.510299e-01,-5.674986e-01,9.617970e-01,4.012858e-03
3.750640e-01,-1.309639e-01,-1.074760e+00,-4.163886e-01,4.058543e-03
3.919306e-01,-1.482637e-01,-7.579069e-01,-5.398466e-02,4.105504e-03
3.693987e-01,-1.402287e-01,-9.121113e-01,-4.642949e-01,4.153805e-03
4.111796e-01,-1.285679e-01,-1.089853e+00,3.140088e-01,4.203514e-03
3.284696e-01,-1.531543e-01,-5.721713e-01,-1.418903e+00,4.254703e-03
3.510975e-01,-1.704993e-01,-9.934448e-02,-8.420353e-01,4.307452e-03
3.584584e-01,-1.826479e-01,1.175268e-01,-7.381315e-01,4.361845e-03
3.151243e-01,-1.828236e-01,4.418463e-02,-1.608758e+00,4.417973e-03
4.489022e-01,-1.344974e-01,-6.401965e-01,7.873903e-01,4.475934e-03
3.238930e-01,-1.647249e-01,-2.889380e-01,-1.491058e+00,4.535835e-03
3.227931e-01,-1.697143e-01,-3.621350e-02,-1.552521e+00,4.597791e-03
3.536502e-01,-2.235801e-01,9.783240e-01,-9.697512e-01,4.661927e-03
3.879707e-01,-2.142447e-01,7.667688e-01,-9.373283e-02,4.728380e-03
3.546085e-01,-2.060044e-01,6.524362e-01,-8.950013e-01,4.797298e-03
3.586399e-01,-2.392679e-01,1.216691e+00,-8.974933e-01,4.868843e-03
3.713060e-01,-2.213754e-01,9.730172e-01,-5.400795e-01,4.943192e-03
3.755579e-01,-2.154160e-01,8.241706e-01,-3.367954e-01,5.020540e-03
3.819524e-01,-2.344563e-01,1.253295e+00,-2.379071e-01,5.101102e-03
3.419978e-01,-2.289927e-01,1.076169e+00,-1.093216e+00,5.185114e-03
3.881498e-01,-1.761858e-01,1.903073e-02,-1.685058e-01,5.272838e-03
3.646251e-01,-2.400827e-01,1.224857e+00,-5.744266e-01,5.364565e-03
3.206674e-01,-2.150996e-01,7.182015e-01,-1.516407e+00,5.460618e-03
3.901162e-01,-2.023241e-01,5.693678e-01,-5.604774e-02,5.561358e-03
4.426238e-01,-1.835913e-01,1.752110e-01,9.867585e-01,5.667191e-03
4.488728e-01,-1.787410e-01,-1.067003e-02,1.154182e+00,5.778574e-03
4.386567e-01,-2.018433e-01,4.604716e-01,9.029708e-01,5.896022e-03
4.303835e-01,-1.688065e-01,-1.736124e-01,8.184356e-01,6.020121e-03
4.208306e-01,-1.875929e-01,2.030208e-01,5.796494e-01,6.151540e-03
4.297553e-01,-1.429910e-01,-7.335147e-01,8.168030e-01,6.291046e-03
3.809841e-01,-1.617078e-01,-3.305188e-01,-3.233070e-01,6.439523e-03
4.109471e-01,-1.964347e-01,4.569666e-01,5.153702e-01,6.598000e-03
4.035957e-01,-1.375230e-01,-9.739415e-01,1.713335e-01,6.767674e-03
4.258932e-01,-1.551877e-01,-5.070631e-01,7.016944e-01,6.949960e-03
3.665112e-01,-1.526877e-01,-6.076284e-01,-5.356848e-01,7.146531e-03
3.908241e-01,-1.291487e-01,-1.095934e+00,-7.383537e-02,7.359393e-03
3.480705e-01,-1.362164e-01,-8.972790e-01,-9.232467e-01,7.590971e-03
3.831703e-01,-1.542583e-01,-6.456912e-01,-2.392802e-01,7.844225e-03
3.599368e-01,-1.406417e-01,-8.677256e-01,-7.151921e-01,8.122822e-03
3.441001e-01,-1.932740e-01,3.857247e-01,-1.085300e+00,8.431356e-03
3.343133e-01,-1.414750e-01,-7.715171e-01,-1.264469e+00,8.775686e-03
3.235646e-01,-1.948771e-01,2.999305e-01,-1.556782e+00,9.163414e-03
3.302412e-01,-2.059201e-01,5.917324e-01,-1.309734e+00,9.604619e-03
3.418167e-01,-1.820463e-01,6.917468e-02,-1.132480e+00,1.011300e-02
3.821840e-01,-1.934164e-01,3.119843e-01,-2.263564e-01,1.070774e-02
3.591088e-01,-1.955960e-01,3.747307e-01,-7.396906e-01,1.141669e-02
3.724071e-01,-2.058921e-01,5.794011e-01,-4.723487e-01,1.228221e-02
4.058089e-01,-2.106842e-01,6.996856e-01,2.678640e-01,1.337250e-02
4.017919e-01,-1.921892e-01,2.934729e-01,1.382940e-01,1.480631e-02
3.980761e-01,-2.284137e-01,1.053795e+00,8.757286e-02,1.681421e-02
3.714898e-01,-1.746954e-01,-9.221271e-02,-4.882938e-01,1.992492e-02
3.439466e-01,-1.599615e-01,-4.380827e-01,-1.079003e+00,2.576176e-02
4.046314e-01,-1.666241e-01,-2.613460e-01,2.422847e-01,4.468781e-02
